#counts	pass=34142	fail=1800	panic=0	unsupported=3413	blocked=65	vacuous=2358	total=39420
MS-Regex2006-07-15	AlphabeticPresentationForms/AlphabeticPresentationForms	unsupported	
MS-Regex2006-07-15	AlphabeticPresentationForms/AlphabeticPresentationForms.v	unsupported	
MS-Regex2006-07-15	Arabic/Arabic	unsupported	
MS-Regex2006-07-15	Arabic/Arabic.v	unsupported	
MS-Regex2006-07-15	ArabicPresentationForms-A/ArabicPresentationForms-A	unsupported	
MS-Regex2006-07-15	ArabicPresentationForms-A/ArabicPresentationForms-A.v	unsupported	
MS-Regex2006-07-15	Armenian/Armenian	unsupported	
MS-Regex2006-07-15	Armenian/Armenian.v	unsupported	
MS-Regex2006-07-15	Arrows/Arrows	unsupported	
MS-Regex2006-07-15	Arrows/Arrows.v	unsupported	
MS-Regex2006-07-15	BasicLatin/BasicLatin	unsupported	
MS-Regex2006-07-15	BasicLatin/BasicLatin.v	unsupported	
MS-Regex2006-07-15	Bengali/Bengali	unsupported	
MS-Regex2006-07-15	Bengali/Bengali.v	unsupported	
MS-Regex2006-07-15	BlockElements/BlockElements	unsupported	
MS-Regex2006-07-15	BlockElements/BlockElements.v	unsupported	
MS-Regex2006-07-15	Bopomofo/Bopomofo	unsupported	
MS-Regex2006-07-15	Bopomofo/Bopomofo.v	unsupported	
MS-Regex2006-07-15	BopomofoExtended/BopomofoExtended	unsupported	
MS-Regex2006-07-15	BopomofoExtended/BopomofoExtended.v	unsupported	
MS-Regex2006-07-15	BoxDrawing/BoxDrawing	unsupported	
MS-Regex2006-07-15	BoxDrawing/BoxDrawing.v	unsupported	
MS-Regex2006-07-15	BraillePatterns/BraillePatterns	unsupported	
MS-Regex2006-07-15	BraillePatterns/BraillePatterns.v	unsupported	
MS-Regex2006-07-15	CJKCompatibility/CJKCompatibility	unsupported	
MS-Regex2006-07-15	CJKCompatibility/CJKCompatibility.v	unsupported	
MS-Regex2006-07-15	CJKCompatibilityForms/CJKCompatibilityForms	unsupported	
MS-Regex2006-07-15	CJKCompatibilityForms/CJKCompatibilityForms.v	unsupported	
MS-Regex2006-07-15	CJKCompatibilityIdeographs/CJKCompatibilityIdeographs	unsupported	
MS-Regex2006-07-15	CJKCompatibilityIdeographs/CJKCompatibilityIdeographs.v	unsupported	
MS-Regex2006-07-15	CJKRadicalsSupplement/CJKRadicalsSupplement	unsupported	
MS-Regex2006-07-15	CJKRadicalsSupplement/CJKRadicalsSupplement.v	unsupported	
MS-Regex2006-07-15	CJKSymbolsandPunctuation/CJKSymbolsandPunctuation	unsupported	
MS-Regex2006-07-15	CJKSymbolsandPunctuation/CJKSymbolsandPunctuation.v	unsupported	
MS-Regex2006-07-15	CJKUnifiedIdeographs/CJKUnifiedIdeographs	unsupported	
MS-Regex2006-07-15	CJKUnifiedIdeographs/CJKUnifiedIdeographs.v	unsupported	
MS-Regex2006-07-15	Cherokee/Cherokee	unsupported	
MS-Regex2006-07-15	Cherokee/Cherokee.v	unsupported	
MS-Regex2006-07-15	CombiningDiacriticalMarks/CombiningDiacriticalMarks	unsupported	
MS-Regex2006-07-15	CombiningDiacriticalMarks/CombiningDiacriticalMarks.v	unsupported	
MS-Regex2006-07-15	CombiningHalfMarks/CombiningHalfMarks	unsupported	
MS-Regex2006-07-15	CombiningHalfMarks/CombiningHalfMarks.v	unsupported	
MS-Regex2006-07-15	ControlPictures/ControlPictures	unsupported	
MS-Regex2006-07-15	ControlPictures/ControlPictures.v	unsupported	
MS-Regex2006-07-15	CurrencySymbols/CurrencySymbols	unsupported	
MS-Regex2006-07-15	CurrencySymbols/CurrencySymbols.v	unsupported	
MS-Regex2006-07-15	Cyrillic/Cyrillic	unsupported	
MS-Regex2006-07-15	Cyrillic/Cyrillic.v	unsupported	
MS-Regex2006-07-15	Devanagari/Devanagari	unsupported	
MS-Regex2006-07-15	Devanagari/Devanagari.v	unsupported	
MS-Regex2006-07-15	Dingbats/Dingbats	unsupported	
MS-Regex2006-07-15	Dingbats/Dingbats.v	unsupported	
MS-Regex2006-07-15	EnclosedAlphanumerics/EnclosedAlphanumerics	unsupported	
MS-Regex2006-07-15	EnclosedAlphanumerics/EnclosedAlphanumerics.v	unsupported	
MS-Regex2006-07-15	EnclosedCJKLettersandMonths/EnclosedCJKLettersandMonths	unsupported	
MS-Regex2006-07-15	EnclosedCJKLettersandMonths/EnclosedCJKLettersandMonths.v	unsupported	
MS-Regex2006-07-15	Ethiopic/Ethiopic	unsupported	
MS-Regex2006-07-15	Ethiopic/Ethiopic.v	unsupported	
MS-Regex2006-07-15	GeneralPunctuation/GeneralPunctuation	unsupported	
MS-Regex2006-07-15	GeneralPunctuation/GeneralPunctuation.v	unsupported	
MS-Regex2006-07-15	GeometricShapes/GeometricShapes	unsupported	
MS-Regex2006-07-15	GeometricShapes/GeometricShapes.v	unsupported	
MS-Regex2006-07-15	Georgian/Georgian	unsupported	
MS-Regex2006-07-15	Georgian/Georgian.v	unsupported	
MS-Regex2006-07-15	GreekExtended/GreekExtended	unsupported	
MS-Regex2006-07-15	GreekExtended/GreekExtended.v	unsupported	
MS-Regex2006-07-15	Gujarati/Gujarati	unsupported	
MS-Regex2006-07-15	Gujarati/Gujarati.v	unsupported	
MS-Regex2006-07-15	Gurmukhi/Gurmukhi	unsupported	
MS-Regex2006-07-15	Gurmukhi/Gurmukhi.v	unsupported	
MS-Regex2006-07-15	HalfwidthandFullwidthForms/HalfwidthandFullwidthForms	unsupported	
MS-Regex2006-07-15	HalfwidthandFullwidthForms/HalfwidthandFullwidthForms.v	unsupported	
MS-Regex2006-07-15	HangulCompatibilityJamo/HangulCompatibilityJamo	unsupported	
MS-Regex2006-07-15	HangulCompatibilityJamo/HangulCompatibilityJamo.v	unsupported	
MS-Regex2006-07-15	HangulJamo/HangulJamo	unsupported	
MS-Regex2006-07-15	HangulJamo/HangulJamo.v	unsupported	
MS-Regex2006-07-15	Hebrew/Hebrew	unsupported	
MS-Regex2006-07-15	Hebrew/Hebrew.v	unsupported	
MS-Regex2006-07-15	HighSurrogates/HighSurrogates	unsupported	
MS-Regex2006-07-15	HighSurrogates/HighSurrogates.i	unsupported	
MS-Regex2006-07-15	Hiragana/Hiragana	unsupported	
MS-Regex2006-07-15	Hiragana/Hiragana.v	unsupported	
MS-DataTypes2006-07-15	IDREFS_length006_395/IDREFS_length006_395	fail	
MS-DataTypes2006-07-15	IDREFS_length007_396/IDREFS_length007_396	fail	
MS-DataTypes2006-07-15	IDREFS_minLength006_402/IDREFS_minLength006_402	fail	
MS-DataTypes2006-07-15	IDREF_length006_525/IDREF_length006_525	fail	
MS-DataTypes2006-07-15	IDREF_length007_526/IDREF_length007_526	fail	
MS-DataTypes2006-07-15	IDREF_minLength006_532/IDREF_minLength006_532	fail	
MS-DataTypes2006-07-15	ID_length006_503/ID_length006_503	fail	
MS-DataTypes2006-07-15	ID_length007_504/ID_length007_504	fail	
MS-DataTypes2006-07-15	ID_minLength006_510/ID_minLength006_510	fail	
MS-DataTypes2006-07-15	ID_test64335_2240/ID_test64335_2240	unsupported	
MS-DataTypes2006-07-15	ID_test64335_2240/ID_test64335_2240.v	unsupported	
MS-Regex2006-07-15	IPAExtensions/IPAExtensions	unsupported	
MS-Regex2006-07-15	IPAExtensions/IPAExtensions.v	unsupported	
MS-Regex2006-07-15	IdeographicDescriptionCharacters/IdeographicDescriptionCharacters	unsupported	
MS-Regex2006-07-15	IdeographicDescriptionCharacters/IdeographicDescriptionCharacters.v	unsupported	
MS-Regex2006-07-15	Kanbun/Kanbun	unsupported	
MS-Regex2006-07-15	Kanbun/Kanbun.v	unsupported	
MS-Regex2006-07-15	KangxiRadicals/KangxiRadicals	unsupported	
MS-Regex2006-07-15	KangxiRadicals/KangxiRadicals.v	unsupported	
MS-Regex2006-07-15	Kannada/Kannada	unsupported	
MS-Regex2006-07-15	Kannada/Kannada.v	unsupported	
MS-Regex2006-07-15	Katakana/Katakana	unsupported	
MS-Regex2006-07-15	Katakana/Katakana.v	unsupported	
MS-Regex2006-07-15	Khmer/Khmer	unsupported	
MS-Regex2006-07-15	Khmer/Khmer.v	unsupported	
MS-Regex2006-07-15	Lao/Lao	unsupported	
MS-Regex2006-07-15	Lao/Lao.v	unsupported	
MS-Regex2006-07-15	Latin-1Supplement/Latin-1Supplement	unsupported	
MS-Regex2006-07-15	Latin-1Supplement/Latin-1Supplement.v	unsupported	
MS-Regex2006-07-15	LatinExtended-A/LatinExtended-A	unsupported	
MS-Regex2006-07-15	LatinExtended-A/LatinExtended-A.v	unsupported	
MS-Regex2006-07-15	LatinExtended-B/LatinExtended-B	unsupported	
MS-Regex2006-07-15	LatinExtended-B/LatinExtended-B.v	unsupported	
MS-Regex2006-07-15	LatinExtendedAdditional/LatinExtendedAdditional	unsupported	
MS-Regex2006-07-15	LatinExtendedAdditional/LatinExtendedAdditional.v	unsupported	
MS-Regex2006-07-15	LetterlikeSymbols/LetterlikeSymbols	unsupported	
MS-Regex2006-07-15	LetterlikeSymbols/LetterlikeSymbols.v	unsupported	
MS-Regex2006-07-15	Malayalam/Malayalam	unsupported	
MS-Regex2006-07-15	Malayalam/Malayalam.v	unsupported	
MS-Regex2006-07-15	MathematicalOperators/MathematicalOperators	unsupported	
MS-Regex2006-07-15	MathematicalOperators/MathematicalOperators.v	unsupported	
MS-Regex2006-07-15	MiscellaneousSymbols/MiscellaneousSymbols	unsupported	
MS-Regex2006-07-15	MiscellaneousSymbols/MiscellaneousSymbols.v	unsupported	
MS-Regex2006-07-15	MiscellaneousTechnical/MiscellaneousTechnical	unsupported	
MS-Regex2006-07-15	MiscellaneousTechnical/MiscellaneousTechnical.v	unsupported	
MS-Regex2006-07-15	Mongolian/Mongolian	unsupported	
MS-Regex2006-07-15	Mongolian/Mongolian.v	unsupported	
MS-Regex2006-07-15	Myanmar/Myanmar	unsupported	
MS-Regex2006-07-15	Myanmar/Myanmar.v	unsupported	
MS-DataTypes2006-07-15	NCName_length006_481/NCName_length006_481	fail	
MS-DataTypes2006-07-15	NCName_length007_482/NCName_length007_482	fail	
MS-DataTypes2006-07-15	NCName_minLength006_488/NCName_minLength006_488	fail	
MS-DataTypes2006-07-15	NMTOKENS_length006_438/NMTOKENS_length006_438	fail	
MS-DataTypes2006-07-15	NMTOKENS_length007_439/NMTOKENS_length007_439	fail	
MS-DataTypes2006-07-15	NMTOKENS_minLength006_445/NMTOKENS_minLength006_445	fail	
MS-DataTypes2006-07-15	NMTOKEN_length006_416/NMTOKEN_length006_416	fail	
MS-DataTypes2006-07-15	NMTOKEN_length007_417/NMTOKEN_length007_417	fail	
MS-DataTypes2006-07-15	NMTOKEN_minLength006_423/NMTOKEN_minLength006_423	fail	
MS-DataTypes2006-07-15	NOTATION_enumeration001_1383/NOTATION_enumeration001_1383	unsupported	
MS-DataTypes2006-07-15	NOTATION_enumeration001_1383/NOTATION_enumeration001_1383.i	unsupported	
MS-DataTypes2006-07-15	NOTATION_enumeration001_320/NOTATION_enumeration001_320	unsupported	
MS-DataTypes2006-07-15	NOTATION_enumeration002_1384/NOTATION_enumeration002_1384	unsupported	
MS-DataTypes2006-07-15	NOTATION_enumeration002_1384/NOTATION_enumeration002_1384.v	unsupported	
MS-DataTypes2006-07-15	NOTATION_enumeration002_321/NOTATION_enumeration002_321	unsupported	
MS-DataTypes2006-07-15	NOTATION_enumeration003_1385/NOTATION_enumeration003_1385	unsupported	
MS-DataTypes2006-07-15	NOTATION_enumeration003_1385/NOTATION_enumeration003_1385.i	unsupported	
MS-DataTypes2006-07-15	NOTATION_enumeration004_1386/NOTATION_enumeration004_1386	unsupported	
MS-DataTypes2006-07-15	NOTATION_enumeration004_1386/NOTATION_enumeration004_1386.v	unsupported	
MS-DataTypes2006-07-15	NOTATION_length001_1372/NOTATION_length001_1372	unsupported	
MS-DataTypes2006-07-15	NOTATION_length001_1372/NOTATION_length001_1372.i	unsupported	
MS-DataTypes2006-07-15	NOTATION_length001_300/NOTATION_length001_300	unsupported	
MS-DataTypes2006-07-15	NOTATION_length002_1373/NOTATION_length002_1373	unsupported	
MS-DataTypes2006-07-15	NOTATION_length002_1373/NOTATION_length002_1373.v	unsupported	
MS-DataTypes2006-07-15	NOTATION_length002_301/NOTATION_length002_301	unsupported	
MS-DataTypes2006-07-15	NOTATION_length003_1374/NOTATION_length003_1374	unsupported	
MS-DataTypes2006-07-15	NOTATION_length003_1374/NOTATION_length003_1374.i	unsupported	
MS-DataTypes2006-07-15	NOTATION_length003_302/NOTATION_length003_302	unsupported	
MS-DataTypes2006-07-15	NOTATION_length004_303/NOTATION_length004_303	unsupported	
MS-DataTypes2006-07-15	NOTATION_length005_304/NOTATION_length005_304	unsupported	
MS-DataTypes2006-07-15	NOTATION_length006_305/NOTATION_length006_305	unsupported	
MS-DataTypes2006-07-15	NOTATION_length007_306/NOTATION_length007_306	unsupported	
MS-DataTypes2006-07-15	NOTATION_maxLength001_1379/NOTATION_maxLength001_1379	unsupported	
MS-DataTypes2006-07-15	NOTATION_maxLength001_1379/NOTATION_maxLength001_1379.i	unsupported	
MS-DataTypes2006-07-15	NOTATION_maxLength001_314/NOTATION_maxLength001_314	unsupported	
MS-DataTypes2006-07-15	NOTATION_maxLength002_1380/NOTATION_maxLength002_1380	unsupported	
MS-DataTypes2006-07-15	NOTATION_maxLength002_1380/NOTATION_maxLength002_1380.v	unsupported	
MS-DataTypes2006-07-15	NOTATION_maxLength002_315/NOTATION_maxLength002_315	unsupported	
MS-DataTypes2006-07-15	NOTATION_maxLength003_1381/NOTATION_maxLength003_1381	unsupported	
MS-DataTypes2006-07-15	NOTATION_maxLength003_1381/NOTATION_maxLength003_1381.v	unsupported	
MS-DataTypes2006-07-15	NOTATION_maxLength003_316/NOTATION_maxLength003_316	unsupported	
MS-DataTypes2006-07-15	NOTATION_maxLength004_317/NOTATION_maxLength004_317	unsupported	
MS-DataTypes2006-07-15	NOTATION_maxLength005_318/NOTATION_maxLength005_318	unsupported	
MS-DataTypes2006-07-15	NOTATION_minLength001_1375/NOTATION_minLength001_1375	unsupported	
MS-DataTypes2006-07-15	NOTATION_minLength001_1375/NOTATION_minLength001_1375.v	unsupported	
MS-DataTypes2006-07-15	NOTATION_minLength001_307/NOTATION_minLength001_307	unsupported	
MS-DataTypes2006-07-15	NOTATION_minLength002_1376/NOTATION_minLength002_1376	unsupported	
MS-DataTypes2006-07-15	NOTATION_minLength002_1376/NOTATION_minLength002_1376.v	unsupported	
MS-DataTypes2006-07-15	NOTATION_minLength002_308/NOTATION_minLength002_308	unsupported	
MS-DataTypes2006-07-15	NOTATION_minLength003_1377/NOTATION_minLength003_1377	unsupported	
MS-DataTypes2006-07-15	NOTATION_minLength003_1377/NOTATION_minLength003_1377.i	unsupported	
MS-DataTypes2006-07-15	NOTATION_minLength003_309/NOTATION_minLength003_309	unsupported	
MS-DataTypes2006-07-15	NOTATION_minLength004_1378/NOTATION_minLength004_1378	unsupported	
MS-DataTypes2006-07-15	NOTATION_minLength004_1378/NOTATION_minLength004_1378.v	unsupported	
MS-DataTypes2006-07-15	NOTATION_minLength004_310/NOTATION_minLength004_310	unsupported	
MS-DataTypes2006-07-15	NOTATION_minLength005_311/NOTATION_minLength005_311	unsupported	
MS-DataTypes2006-07-15	NOTATION_minLength006_312/NOTATION_minLength006_312	unsupported	
MS-DataTypes2006-07-15	NOTATION_minLength007_313/NOTATION_minLength007_313	unsupported	
MS-DataTypes2006-07-15	NOTATION_pattern001_1382/NOTATION_pattern001_1382	unsupported	
MS-DataTypes2006-07-15	NOTATION_pattern001_1382/NOTATION_pattern001_1382.v	unsupported	
MS-DataTypes2006-07-15	NOTATION_pattern001_319/NOTATION_pattern001_319	unsupported	
MS-DataTypes2006-07-15	Name_length006_459/Name_length006_459	fail	
MS-DataTypes2006-07-15	Name_length007_460/Name_length007_460	fail	
MS-DataTypes2006-07-15	Name_minLength006_466/Name_minLength006_466	fail	
MS-Regex2006-07-15	NumberForms/NumberForms	unsupported	
MS-Regex2006-07-15	NumberForms/NumberForms.v	unsupported	
MS-Regex2006-07-15	Ogham/Ogham	unsupported	
MS-Regex2006-07-15	Ogham/Ogham.v	unsupported	
MS-Regex2006-07-15	OpticalCharacterRecognition/OpticalCharacterRecognition	unsupported	
MS-Regex2006-07-15	OpticalCharacterRecognition/OpticalCharacterRecognition.v	unsupported	
MS-Regex2006-07-15	Oriya/Oriya	unsupported	
MS-Regex2006-07-15	Oriya/Oriya.v	unsupported	
MS-Element2006-07-15	QFE1700c1/QFE1700c1	unsupported	
MS-Element2006-07-15	QFE1700c1/QFE1700c1.i	unsupported	
MS-Element2006-07-15	QFE1700c2/QFE1700c2	unsupported	
MS-Element2006-07-15	QFE1700c2/QFE1700c2.v	unsupported	
MS-Element2006-07-15	QFE1700g1/QFE1700g1.i	fail	
MS-DataTypes2006-07-15	QName_length006_283/QName_length006_283	fail	
MS-DataTypes2006-07-15	QName_length007_284/QName_length007_284	fail	
MS-DataTypes2006-07-15	QName_minLength006_290/QName_minLength006_290	fail	
MS-Regex2006-07-15	RegexTest_1007/RegexTest_1007	unsupported	
MS-Regex2006-07-15	RegexTest_1008/RegexTest_1008	unsupported	
MS-Regex2006-07-15	RegexTest_1009/RegexTest_1009	unsupported	
MS-Regex2006-07-15	RegexTest_1010/RegexTest_1010	unsupported	
MS-Regex2006-07-15	RegexTest_1011/RegexTest_1011	unsupported	
MS-Regex2006-07-15	RegexTest_1012/RegexTest_1012	unsupported	
MS-Regex2006-07-15	RegexTest_1013/RegexTest_1013	unsupported	
MS-Regex2006-07-15	RegexTest_1014/RegexTest_1014	unsupported	
MS-Regex2006-07-15	RegexTest_1017/RegexTest_1017	unsupported	
MS-Regex2006-07-15	RegexTest_1018/RegexTest_1018	unsupported	
MS-Regex2006-07-15	RegexTest_1019/RegexTest_1019	unsupported	
MS-Regex2006-07-15	RegexTest_1067/RegexTest_1067	fail	
MS-Regex2006-07-15	RegexTest_1068/RegexTest_1068	fail	
MS-Regex2006-07-15	RegexTest_1069/RegexTest_1069	unsupported	
MS-Regex2006-07-15	RegexTest_1117/RegexTest_1117	unsupported	
MS-Regex2006-07-15	RegexTest_1118/RegexTest_1118	unsupported	
MS-Regex2006-07-15	RegexTest_1120/RegexTest_1120	unsupported	
MS-Regex2006-07-15	RegexTest_1125/RegexTest_1125	unsupported	
MS-Regex2006-07-15	RegexTest_1126/RegexTest_1126	unsupported	
MS-Regex2006-07-15	RegexTest_113/RegexTest_113	unsupported	
MS-Regex2006-07-15	RegexTest_113/RegexTest_113.i	unsupported	
MS-Regex2006-07-15	RegexTest_1131/RegexTest_1131	unsupported	
MS-Regex2006-07-15	RegexTest_1132/RegexTest_1132	unsupported	
MS-Regex2006-07-15	RegexTest_1139/RegexTest_1139	unsupported	
MS-Regex2006-07-15	RegexTest_116/RegexTest_116	unsupported	
MS-Regex2006-07-15	RegexTest_116/RegexTest_116.i	unsupported	
MS-Regex2006-07-15	RegexTest_1183/RegexTest_1183	fail	
MS-Regex2006-07-15	RegexTest_1187/RegexTest_1187	unsupported	
MS-Regex2006-07-15	RegexTest_1188/RegexTest_1188	unsupported	
MS-Regex2006-07-15	RegexTest_119/RegexTest_119	unsupported	
MS-Regex2006-07-15	RegexTest_119/RegexTest_119.i	unsupported	
MS-Regex2006-07-15	RegexTest_120/RegexTest_120	unsupported	
MS-Regex2006-07-15	RegexTest_120/RegexTest_120.i	unsupported	
MS-Regex2006-07-15	RegexTest_1201/RegexTest_1201	unsupported	
MS-Regex2006-07-15	RegexTest_1202/RegexTest_1202	unsupported	
MS-Regex2006-07-15	RegexTest_1203/RegexTest_1203	unsupported	
MS-Regex2006-07-15	RegexTest_1208/RegexTest_1208	unsupported	
MS-Regex2006-07-15	RegexTest_1209/RegexTest_1209	unsupported	
MS-Regex2006-07-15	RegexTest_121/RegexTest_121	unsupported	
MS-Regex2006-07-15	RegexTest_121/RegexTest_121.i	unsupported	
MS-Regex2006-07-15	RegexTest_1210/RegexTest_1210	unsupported	
MS-Regex2006-07-15	RegexTest_1211/RegexTest_1211	unsupported	
MS-Regex2006-07-15	RegexTest_1212/RegexTest_1212	unsupported	
MS-Regex2006-07-15	RegexTest_1213/RegexTest_1213	unsupported	
MS-Regex2006-07-15	RegexTest_1214/RegexTest_1214	unsupported	
MS-Regex2006-07-15	RegexTest_1215/RegexTest_1215	unsupported	
MS-Regex2006-07-15	RegexTest_1216/RegexTest_1216	unsupported	
MS-Regex2006-07-15	RegexTest_1217/RegexTest_1217	unsupported	
MS-Regex2006-07-15	RegexTest_1227/RegexTest_1227	unsupported	
MS-Regex2006-07-15	RegexTest_1236/RegexTest_1236	fail	
MS-Regex2006-07-15	RegexTest_1237/RegexTest_1237	fail	
MS-Regex2006-07-15	RegexTest_1238/RegexTest_1238	unsupported	
MS-Regex2006-07-15	RegexTest_1250/RegexTest_1250	unsupported	
MS-Regex2006-07-15	RegexTest_1251/RegexTest_1251	unsupported	
MS-Regex2006-07-15	RegexTest_1253/RegexTest_1253	unsupported	
MS-Regex2006-07-15	RegexTest_1258/RegexTest_1258	unsupported	
MS-Regex2006-07-15	RegexTest_1259/RegexTest_1259	unsupported	
MS-Regex2006-07-15	RegexTest_1264/RegexTest_1264	unsupported	
MS-Regex2006-07-15	RegexTest_1265/RegexTest_1265	unsupported	
MS-Regex2006-07-15	RegexTest_1266/RegexTest_1266	unsupported	
MS-Regex2006-07-15	RegexTest_1267/RegexTest_1267	unsupported	
MS-Regex2006-07-15	RegexTest_1274/RegexTest_1274	unsupported	
MS-Regex2006-07-15	RegexTest_1275/RegexTest_1275	unsupported	
MS-Regex2006-07-15	RegexTest_1310/RegexTest_1310	unsupported	
MS-Regex2006-07-15	RegexTest_1311/RegexTest_1311	unsupported	
MS-Regex2006-07-15	RegexTest_1322/RegexTest_1322	unsupported	
MS-Regex2006-07-15	RegexTest_1323/RegexTest_1323	unsupported	
MS-Regex2006-07-15	RegexTest_1324/RegexTest_1324	unsupported	
MS-Regex2006-07-15	RegexTest_1325/RegexTest_1325	unsupported	
MS-Regex2006-07-15	RegexTest_1326/RegexTest_1326	unsupported	
MS-Regex2006-07-15	RegexTest_1327/RegexTest_1327	unsupported	
MS-Regex2006-07-15	RegexTest_1328/RegexTest_1328	unsupported	
MS-Regex2006-07-15	RegexTest_1329/RegexTest_1329	unsupported	
MS-Regex2006-07-15	RegexTest_1330/RegexTest_1330	unsupported	
MS-Regex2006-07-15	RegexTest_1331/RegexTest_1331	unsupported	
MS-Regex2006-07-15	RegexTest_1332/RegexTest_1332	unsupported	
MS-Regex2006-07-15	RegexTest_1334/RegexTest_1334	unsupported	
MS-Regex2006-07-15	RegexTest_1335/RegexTest_1335	unsupported	
MS-Regex2006-07-15	RegexTest_1336/RegexTest_1336	unsupported	
MS-Regex2006-07-15	RegexTest_1337/RegexTest_1337	unsupported	
MS-Regex2006-07-15	RegexTest_1338/RegexTest_1338	unsupported	
MS-Regex2006-07-15	RegexTest_1339/RegexTest_1339	unsupported	
MS-Regex2006-07-15	RegexTest_1340/RegexTest_1340	unsupported	
MS-Regex2006-07-15	RegexTest_1341/RegexTest_1341	unsupported	
MS-Regex2006-07-15	RegexTest_1348/RegexTest_1348	unsupported	
MS-Regex2006-07-15	RegexTest_1349/RegexTest_1349	unsupported	
MS-Regex2006-07-15	RegexTest_1350/RegexTest_1350	unsupported	
MS-Regex2006-07-15	RegexTest_1354/RegexTest_1354	unsupported	
MS-Regex2006-07-15	RegexTest_1363/RegexTest_1363	unsupported	
MS-Regex2006-07-15	RegexTest_1364/RegexTest_1364	unsupported	
MS-Regex2006-07-15	RegexTest_1365/RegexTest_1365	unsupported	
MS-Regex2006-07-15	RegexTest_1372/RegexTest_1372	unsupported	
MS-Regex2006-07-15	RegexTest_1373/RegexTest_1373	unsupported	
MS-Regex2006-07-15	RegexTest_1374/RegexTest_1374	unsupported	
MS-Regex2006-07-15	RegexTest_1375/RegexTest_1375	unsupported	
MS-Regex2006-07-15	RegexTest_1376/RegexTest_1376	unsupported	
MS-Regex2006-07-15	RegexTest_1377/RegexTest_1377	unsupported	
MS-Regex2006-07-15	RegexTest_1378/RegexTest_1378	unsupported	
MS-Regex2006-07-15	RegexTest_1379/RegexTest_1379	unsupported	
MS-Regex2006-07-15	RegexTest_1380/RegexTest_1380	unsupported	
MS-Regex2006-07-15	RegexTest_1381/RegexTest_1381	unsupported	
MS-Regex2006-07-15	RegexTest_1382/RegexTest_1382	unsupported	
MS-Regex2006-07-15	RegexTest_1383/RegexTest_1383	unsupported	
MS-Regex2006-07-15	RegexTest_1384/RegexTest_1384	unsupported	
MS-Regex2006-07-15	RegexTest_1385/RegexTest_1385	unsupported	
MS-Regex2006-07-15	RegexTest_1386/RegexTest_1386	unsupported	
MS-Regex2006-07-15	RegexTest_1387/RegexTest_1387	unsupported	
MS-Regex2006-07-15	RegexTest_1388/RegexTest_1388	unsupported	
MS-Regex2006-07-15	RegexTest_1389/RegexTest_1389	unsupported	
MS-Regex2006-07-15	RegexTest_1390/RegexTest_1390	unsupported	
MS-Regex2006-07-15	RegexTest_1391/RegexTest_1391	unsupported	
MS-Regex2006-07-15	RegexTest_1392/RegexTest_1392	unsupported	
MS-Regex2006-07-15	RegexTest_1393/RegexTest_1393	unsupported	
MS-Regex2006-07-15	RegexTest_1394/RegexTest_1394	unsupported	
MS-Regex2006-07-15	RegexTest_1395/RegexTest_1395	unsupported	
MS-Regex2006-07-15	RegexTest_1396/RegexTest_1396	unsupported	
MS-Regex2006-07-15	RegexTest_1397/RegexTest_1397	unsupported	
MS-Regex2006-07-15	RegexTest_1398/RegexTest_1398	unsupported	
MS-Regex2006-07-15	RegexTest_1399/RegexTest_1399	unsupported	
MS-Regex2006-07-15	RegexTest_1400/RegexTest_1400	unsupported	
MS-Regex2006-07-15	RegexTest_1401/RegexTest_1401	unsupported	
MS-Regex2006-07-15	RegexTest_1402/RegexTest_1402	unsupported	
MS-Regex2006-07-15	RegexTest_1403/RegexTest_1403	unsupported	
MS-Regex2006-07-15	RegexTest_1404/RegexTest_1404	unsupported	
MS-Regex2006-07-15	RegexTest_1405/RegexTest_1405	unsupported	
MS-Regex2006-07-15	RegexTest_1406/RegexTest_1406	unsupported	
MS-Regex2006-07-15	RegexTest_1407/RegexTest_1407	unsupported	
MS-Regex2006-07-15	RegexTest_1408/RegexTest_1408	unsupported	
MS-Regex2006-07-15	RegexTest_1412/RegexTest_1412	unsupported	
MS-Regex2006-07-15	RegexTest_1413/RegexTest_1413	unsupported	
MS-Regex2006-07-15	RegexTest_1414/RegexTest_1414	unsupported	
MS-Regex2006-07-15	RegexTest_1420/RegexTest_1420	unsupported	
MS-Regex2006-07-15	RegexTest_1421/RegexTest_1421	unsupported	
MS-Regex2006-07-15	RegexTest_1422/RegexTest_1422	unsupported	
MS-Regex2006-07-15	RegexTest_1423/RegexTest_1423	unsupported	
MS-Regex2006-07-15	RegexTest_1424/RegexTest_1424	unsupported	
MS-Regex2006-07-15	RegexTest_1425/RegexTest_1425	unsupported	
MS-Regex2006-07-15	RegexTest_1426/RegexTest_1426	unsupported	
MS-Regex2006-07-15	RegexTest_1427/RegexTest_1427	unsupported	
MS-Regex2006-07-15	RegexTest_1428/RegexTest_1428	unsupported	
MS-Regex2006-07-15	RegexTest_1429/RegexTest_1429	unsupported	
MS-Regex2006-07-15	RegexTest_1430/RegexTest_1430	unsupported	
MS-Regex2006-07-15	RegexTest_1433/RegexTest_1433	unsupported	
MS-Regex2006-07-15	RegexTest_1434/RegexTest_1434	unsupported	
MS-Regex2006-07-15	RegexTest_1435/RegexTest_1435	unsupported	
MS-Regex2006-07-15	RegexTest_1436/RegexTest_1436	unsupported	
MS-Regex2006-07-15	RegexTest_1437/RegexTest_1437	unsupported	
MS-Regex2006-07-15	RegexTest_1438/RegexTest_1438	unsupported	
MS-Regex2006-07-15	RegexTest_1439/RegexTest_1439	unsupported	
MS-Regex2006-07-15	RegexTest_1440/RegexTest_1440	unsupported	
MS-Regex2006-07-15	RegexTest_1441/RegexTest_1441	unsupported	
MS-Regex2006-07-15	RegexTest_1442/RegexTest_1442	unsupported	
MS-Regex2006-07-15	RegexTest_1443/RegexTest_1443	unsupported	
MS-Regex2006-07-15	RegexTest_1444/RegexTest_1444	unsupported	
MS-Regex2006-07-15	RegexTest_1445/RegexTest_1445	unsupported	
MS-Regex2006-07-15	RegexTest_1446/RegexTest_1446	unsupported	
MS-Regex2006-07-15	RegexTest_1447/RegexTest_1447	unsupported	
MS-Regex2006-07-15	RegexTest_1448/RegexTest_1448	unsupported	
MS-Regex2006-07-15	RegexTest_1449/RegexTest_1449	unsupported	
MS-Regex2006-07-15	RegexTest_1450/RegexTest_1450	unsupported	
MS-Regex2006-07-15	RegexTest_1451/RegexTest_1451	unsupported	
MS-Regex2006-07-15	RegexTest_1452/RegexTest_1452	unsupported	
MS-Regex2006-07-15	RegexTest_1453/RegexTest_1453	unsupported	
MS-Regex2006-07-15	RegexTest_1454/RegexTest_1454	unsupported	
MS-Regex2006-07-15	RegexTest_1455/RegexTest_1455	unsupported	
MS-Regex2006-07-15	RegexTest_1456/RegexTest_1456	unsupported	
MS-Regex2006-07-15	RegexTest_1472/RegexTest_1472	unsupported	
MS-Regex2006-07-15	RegexTest_1476/RegexTest_1476	unsupported	
MS-Regex2006-07-15	RegexTest_1477/RegexTest_1477	fail	
MS-Regex2006-07-15	RegexTest_1479/RegexTest_1479	unsupported	
MS-Regex2006-07-15	RegexTest_1480/RegexTest_1480	unsupported	
MS-Regex2006-07-15	RegexTest_1481/RegexTest_1481	unsupported	
MS-Regex2006-07-15	RegexTest_1483/RegexTest_1483	fail	
MS-Regex2006-07-15	RegexTest_1491/RegexTest_1491	unsupported	
MS-Regex2006-07-15	RegexTest_1492/RegexTest_1492	unsupported	
MS-Regex2006-07-15	RegexTest_1493/RegexTest_1493	unsupported	
MS-Regex2006-07-15	RegexTest_1494/RegexTest_1494	unsupported	
MS-Regex2006-07-15	RegexTest_1495/RegexTest_1495	unsupported	
MS-Regex2006-07-15	RegexTest_1496/RegexTest_1496	unsupported	
MS-Regex2006-07-15	RegexTest_1497/RegexTest_1497	unsupported	
MS-Regex2006-07-15	RegexTest_1498/RegexTest_1498	unsupported	
MS-Regex2006-07-15	RegexTest_1501/RegexTest_1501	unsupported	
MS-Regex2006-07-15	RegexTest_1502/RegexTest_1502	unsupported	
MS-Regex2006-07-15	RegexTest_1503/RegexTest_1503	unsupported	
MS-Regex2006-07-15	RegexTest_1543/RegexTest_1543	unsupported	
MS-Regex2006-07-15	RegexTest_1544/RegexTest_1544	unsupported	
MS-Regex2006-07-15	RegexTest_178/RegexTest_178	unsupported	
MS-Regex2006-07-15	RegexTest_178/RegexTest_178.i	unsupported	
MS-Regex2006-07-15	RegexTest_194/RegexTest_194.v	fail	`foo         bar` does not match the pattern `\A(foo)\s+(bar)`
MS-Regex2006-07-15	RegexTest_195/RegexTest_195.v	fail	`foo         bar` does not match the pattern `\A(foo)\s+(bar)`
MS-Regex2006-07-15	RegexTest_196/RegexTest_196.v	fail	`foo         bar` does not match the pattern `\A(foo)\s+(bar)`
MS-Regex2006-07-15	RegexTest_200/RegexTest_200.v	fail	`foo         bar` does not match the pattern `(foo)\s+(bar)\Z`
MS-Regex2006-07-15	RegexTest_201/RegexTest_201.v	fail	`foo         bar` does not match the pattern `(foo)\s+(bar)\Z`
MS-Regex2006-07-15	RegexTest_202/RegexTest_202.v	fail	`foo         bar` does not match the pattern `(foo)\s+(bar)\Z`
MS-Regex2006-07-15	RegexTest_209/RegexTest_209.v	fail	`foo         bar` does not match the pattern `(foo)\s+(bar)\z`
MS-Regex2006-07-15	RegexTest_210/RegexTest_210.v	fail	`foo         bar` does not match the pattern `(foo)\s+(bar)\z`
MS-Regex2006-07-15	RegexTest_211/RegexTest_211.v	fail	`foo         bar` does not match the pattern `(foo)\s+(bar)\z`
MS-Regex2006-07-15	RegexTest_23/RegexTest_23	unsupported	
MS-Regex2006-07-15	RegexTest_23/RegexTest_23.i	unsupported	
MS-Regex2006-07-15	RegexTest_27/RegexTest_27	unsupported	
MS-Regex2006-07-15	RegexTest_27/RegexTest_27.i	unsupported	
MS-Regex2006-07-15	RegexTest_28/RegexTest_28	unsupported	
MS-Regex2006-07-15	RegexTest_28/RegexTest_28.i	unsupported	
MS-Regex2006-07-15	RegexTest_294/RegexTest_294	unsupported	
MS-Regex2006-07-15	RegexTest_294/RegexTest_294.v	unsupported	
MS-Regex2006-07-15	RegexTest_295/RegexTest_295	unsupported	
MS-Regex2006-07-15	RegexTest_295/RegexTest_295.v	unsupported	
MS-Regex2006-07-15	RegexTest_299/RegexTest_299	unsupported	
MS-Regex2006-07-15	RegexTest_299/RegexTest_299.i	unsupported	
MS-Regex2006-07-15	RegexTest_30/RegexTest_30	unsupported	
MS-Regex2006-07-15	RegexTest_30/RegexTest_30.v	unsupported	
MS-Regex2006-07-15	RegexTest_300/RegexTest_300	unsupported	
MS-Regex2006-07-15	RegexTest_300/RegexTest_300.i	unsupported	
MS-Regex2006-07-15	RegexTest_301/RegexTest_301	unsupported	
MS-Regex2006-07-15	RegexTest_301/RegexTest_301.i	unsupported	
MS-Regex2006-07-15	RegexTest_302/RegexTest_302	unsupported	
MS-Regex2006-07-15	RegexTest_302/RegexTest_302.i	unsupported	
MS-Regex2006-07-15	RegexTest_303/RegexTest_303	unsupported	
MS-Regex2006-07-15	RegexTest_303/RegexTest_303.i	unsupported	
MS-Regex2006-07-15	RegexTest_304/RegexTest_304	unsupported	
MS-Regex2006-07-15	RegexTest_304/RegexTest_304.i	unsupported	
MS-Regex2006-07-15	RegexTest_305/RegexTest_305	unsupported	
MS-Regex2006-07-15	RegexTest_305/RegexTest_305.i	unsupported	
MS-Regex2006-07-15	RegexTest_306/RegexTest_306	unsupported	
MS-Regex2006-07-15	RegexTest_306/RegexTest_306.i	unsupported	
MS-Regex2006-07-15	RegexTest_307/RegexTest_307	unsupported	
MS-Regex2006-07-15	RegexTest_307/RegexTest_307.i	unsupported	
MS-Regex2006-07-15	RegexTest_308/RegexTest_308	unsupported	
MS-Regex2006-07-15	RegexTest_308/RegexTest_308.i	unsupported	
MS-Regex2006-07-15	RegexTest_309/RegexTest_309	unsupported	
MS-Regex2006-07-15	RegexTest_309/RegexTest_309.i	unsupported	
MS-Regex2006-07-15	RegexTest_310/RegexTest_310	unsupported	
MS-Regex2006-07-15	RegexTest_310/RegexTest_310.i	unsupported	
MS-Regex2006-07-15	RegexTest_314/RegexTest_314	unsupported	
MS-Regex2006-07-15	RegexTest_314/RegexTest_314.i	unsupported	
MS-Regex2006-07-15	RegexTest_315/RegexTest_315	unsupported	
MS-Regex2006-07-15	RegexTest_315/RegexTest_315.v	unsupported	
MS-Regex2006-07-15	RegexTest_316/RegexTest_316	unsupported	
MS-Regex2006-07-15	RegexTest_316/RegexTest_316.v	unsupported	
MS-Regex2006-07-15	RegexTest_317/RegexTest_317	unsupported	
MS-Regex2006-07-15	RegexTest_317/RegexTest_317.v	unsupported	
MS-Regex2006-07-15	RegexTest_33/RegexTest_33	unsupported	
MS-Regex2006-07-15	RegexTest_33/RegexTest_33.i	unsupported	
MS-Regex2006-07-15	RegexTest_34/RegexTest_34	unsupported	
MS-Regex2006-07-15	RegexTest_34/RegexTest_34.v	unsupported	
MS-Regex2006-07-15	RegexTest_344/RegexTest_344	unsupported	
MS-Regex2006-07-15	RegexTest_344/RegexTest_344.i	unsupported	
MS-Regex2006-07-15	RegexTest_349/RegexTest_349	unsupported	
MS-Regex2006-07-15	RegexTest_349/RegexTest_349.i	unsupported	
MS-Regex2006-07-15	RegexTest_363/RegexTest_363	unsupported	
MS-Regex2006-07-15	RegexTest_363/RegexTest_363.i	unsupported	
MS-Regex2006-07-15	RegexTest_422/RegexTest_422.i	fail	
MS-Regex2006-07-15	RegexTest_430/RegexTest_430.i	fail	
MS-Regex2006-07-15	RegexTest_433/RegexTest_433	unsupported	
MS-Regex2006-07-15	RegexTest_433/RegexTest_433.i	unsupported	
MS-Regex2006-07-15	RegexTest_440/RegexTest_440.i	fail	
MS-Regex2006-07-15	RegexTest_465/RegexTest_465	unsupported	
MS-Regex2006-07-15	RegexTest_465/RegexTest_465.i	unsupported	
MS-Regex2006-07-15	RegexTest_471/RegexTest_471	unsupported	
MS-Regex2006-07-15	RegexTest_471/RegexTest_471.i	unsupported	
MS-Regex2006-07-15	RegexTest_481/RegexTest_481	unsupported	
MS-Regex2006-07-15	RegexTest_481/RegexTest_481.i	unsupported	
MS-Regex2006-07-15	RegexTest_482/RegexTest_482	unsupported	
MS-Regex2006-07-15	RegexTest_482/RegexTest_482.v	unsupported	
MS-Regex2006-07-15	RegexTest_483/RegexTest_483	unsupported	
MS-Regex2006-07-15	RegexTest_483/RegexTest_483.v	unsupported	
MS-Regex2006-07-15	RegexTest_484/RegexTest_484	unsupported	
MS-Regex2006-07-15	RegexTest_484/RegexTest_484.i	unsupported	
MS-Regex2006-07-15	RegexTest_487/RegexTest_487	unsupported	
MS-Regex2006-07-15	RegexTest_487/RegexTest_487.i	unsupported	
MS-Regex2006-07-15	RegexTest_5/RegexTest_5	unsupported	
MS-Regex2006-07-15	RegexTest_5/RegexTest_5.v	unsupported	
MS-Regex2006-07-15	RegexTest_51/RegexTest_51	unsupported	
MS-Regex2006-07-15	RegexTest_51/RegexTest_51.i	unsupported	
MS-Regex2006-07-15	RegexTest_516/RegexTest_516.v	fail	`adfadsfSUCCESSadsfadsf` does not match the pattern `.*\B(SUCCESS)\B.*`
MS-Regex2006-07-15	RegexTest_517/RegexTest_517.v	fail	`011` does not match the pattern `\060(\061)?\061`
MS-Regex2006-07-15	RegexTest_518/RegexTest_518.v	fail	`012` does not match the pattern `(\x30\x31\x32)`
MS-Regex2006-07-15	RegexTest_519/RegexTest_519.v	fail	`4` does not match the pattern `(\u0034)`
MS-Regex2006-07-15	RegexTest_52/RegexTest_52	unsupported	
MS-Regex2006-07-15	RegexTest_52/RegexTest_52.i	unsupported	
MS-Regex2006-07-15	RegexTest_521/RegexTest_521	unsupported	
MS-Regex2006-07-15	RegexTest_521/RegexTest_521.i	unsupported	
MS-Regex2006-07-15	RegexTest_523/RegexTest_523	unsupported	
MS-Regex2006-07-15	RegexTest_523/RegexTest_523.i	unsupported	
MS-Regex2006-07-15	RegexTest_524/RegexTest_524.v	fail	`XSP_TEST_FAILURE SUCCESS` does not match the pattern `.*\b(\w+)\b`
MS-Regex2006-07-15	RegexTest_53/RegexTest_53	unsupported	
MS-Regex2006-07-15	RegexTest_53/RegexTest_53.i	unsupported	
MS-Regex2006-07-15	RegexTest_54/RegexTest_54	unsupported	
MS-Regex2006-07-15	RegexTest_54/RegexTest_54.i	unsupported	
MS-Regex2006-07-15	RegexTest_55/RegexTest_55	unsupported	
MS-Regex2006-07-15	RegexTest_55/RegexTest_55.i	unsupported	
MS-Regex2006-07-15	RegexTest_56/RegexTest_56	unsupported	
MS-Regex2006-07-15	RegexTest_56/RegexTest_56.i	unsupported	
MS-Regex2006-07-15	RegexTest_57/RegexTest_57.v	fail	`fooAAAbar` does not match the pattern `(foo)([\x41]*)(bar)`
MS-Regex2006-07-15	RegexTest_58/RegexTest_58.v	fail	`fooAAAbar` does not match the pattern `(foo)([\u0041]*)(bar)`
MS-Regex2006-07-15	RegexTest_583/RegexTest_583	fail	
MS-Regex2006-07-15	RegexTest_584/RegexTest_584	fail	
MS-Regex2006-07-15	RegexTest_585/RegexTest_585	unsupported	
MS-Regex2006-07-15	RegexTest_6/RegexTest_6	unsupported	
MS-Regex2006-07-15	RegexTest_6/RegexTest_6.v	unsupported	
MS-Regex2006-07-15	RegexTest_633/RegexTest_633	unsupported	
MS-Regex2006-07-15	RegexTest_634/RegexTest_634	unsupported	
MS-Regex2006-07-15	RegexTest_636/RegexTest_636	unsupported	
MS-Regex2006-07-15	RegexTest_641/RegexTest_641	unsupported	
MS-Regex2006-07-15	RegexTest_642/RegexTest_642	unsupported	
MS-Regex2006-07-15	RegexTest_647/RegexTest_647	unsupported	
MS-Regex2006-07-15	RegexTest_648/RegexTest_648	unsupported	
MS-Regex2006-07-15	RegexTest_655/RegexTest_655	unsupported	
MS-Regex2006-07-15	RegexTest_699/RegexTest_699	fail	
MS-Regex2006-07-15	RegexTest_703/RegexTest_703	unsupported	
MS-Regex2006-07-15	RegexTest_704/RegexTest_704	unsupported	
MS-Regex2006-07-15	RegexTest_717/RegexTest_717	unsupported	
MS-Regex2006-07-15	RegexTest_718/RegexTest_718	unsupported	
MS-Regex2006-07-15	RegexTest_719/RegexTest_719	unsupported	
MS-Regex2006-07-15	RegexTest_724/RegexTest_724	unsupported	
MS-Regex2006-07-15	RegexTest_725/RegexTest_725	unsupported	
MS-Regex2006-07-15	RegexTest_726/RegexTest_726	unsupported	
MS-Regex2006-07-15	RegexTest_727/RegexTest_727	unsupported	
MS-Regex2006-07-15	RegexTest_728/RegexTest_728	unsupported	
MS-Regex2006-07-15	RegexTest_729/RegexTest_729	unsupported	
MS-Regex2006-07-15	RegexTest_730/RegexTest_730	unsupported	
MS-Regex2006-07-15	RegexTest_731/RegexTest_731	unsupported	
MS-Regex2006-07-15	RegexTest_732/RegexTest_732	unsupported	
MS-Regex2006-07-15	RegexTest_733/RegexTest_733	unsupported	
MS-Regex2006-07-15	RegexTest_743/RegexTest_743	unsupported	
MS-Regex2006-07-15	RegexTest_752/RegexTest_752	fail	
MS-Regex2006-07-15	RegexTest_753/RegexTest_753	fail	
MS-Regex2006-07-15	RegexTest_754/RegexTest_754	unsupported	
MS-Regex2006-07-15	RegexTest_766/RegexTest_766	unsupported	
MS-Regex2006-07-15	RegexTest_767/RegexTest_767	unsupported	
MS-Regex2006-07-15	RegexTest_769/RegexTest_769	unsupported	
MS-Regex2006-07-15	RegexTest_774/RegexTest_774	unsupported	
MS-Regex2006-07-15	RegexTest_775/RegexTest_775	unsupported	
MS-Regex2006-07-15	RegexTest_780/RegexTest_780	unsupported	
MS-Regex2006-07-15	RegexTest_781/RegexTest_781	unsupported	
MS-Regex2006-07-15	RegexTest_782/RegexTest_782	unsupported	
MS-Regex2006-07-15	RegexTest_783/RegexTest_783	unsupported	
MS-Regex2006-07-15	RegexTest_790/RegexTest_790	unsupported	
MS-Regex2006-07-15	RegexTest_791/RegexTest_791	unsupported	
MS-Regex2006-07-15	RegexTest_826/RegexTest_826	unsupported	
MS-Regex2006-07-15	RegexTest_827/RegexTest_827	unsupported	
MS-Regex2006-07-15	RegexTest_841/RegexTest_841	unsupported	
MS-Regex2006-07-15	RegexTest_842/RegexTest_842	unsupported	
MS-Regex2006-07-15	RegexTest_843/RegexTest_843	unsupported	
MS-Regex2006-07-15	RegexTest_844/RegexTest_844	unsupported	
MS-Regex2006-07-15	RegexTest_845/RegexTest_845	unsupported	
MS-Regex2006-07-15	RegexTest_846/RegexTest_846	unsupported	
MS-Regex2006-07-15	RegexTest_847/RegexTest_847	unsupported	
MS-Regex2006-07-15	RegexTest_848/RegexTest_848	unsupported	
MS-Regex2006-07-15	RegexTest_850/RegexTest_850	unsupported	
MS-Regex2006-07-15	RegexTest_851/RegexTest_851	unsupported	
MS-Regex2006-07-15	RegexTest_852/RegexTest_852	unsupported	
MS-Regex2006-07-15	RegexTest_853/RegexTest_853	unsupported	
MS-Regex2006-07-15	RegexTest_854/RegexTest_854	unsupported	
MS-Regex2006-07-15	RegexTest_855/RegexTest_855	unsupported	
MS-Regex2006-07-15	RegexTest_856/RegexTest_856	unsupported	
MS-Regex2006-07-15	RegexTest_857/RegexTest_857	unsupported	
MS-Regex2006-07-15	RegexTest_864/RegexTest_864	unsupported	
MS-Regex2006-07-15	RegexTest_865/RegexTest_865	unsupported	
MS-Regex2006-07-15	RegexTest_866/RegexTest_866	unsupported	
MS-Regex2006-07-15	RegexTest_870/RegexTest_870	unsupported	
MS-Regex2006-07-15	RegexTest_879/RegexTest_879	unsupported	
MS-Regex2006-07-15	RegexTest_880/RegexTest_880	unsupported	
MS-Regex2006-07-15	RegexTest_888/RegexTest_888	unsupported	
MS-Regex2006-07-15	RegexTest_889/RegexTest_889	unsupported	
MS-Regex2006-07-15	RegexTest_890/RegexTest_890	unsupported	
MS-Regex2006-07-15	RegexTest_891/RegexTest_891	unsupported	
MS-Regex2006-07-15	RegexTest_892/RegexTest_892	unsupported	
MS-Regex2006-07-15	RegexTest_893/RegexTest_893	unsupported	
MS-Regex2006-07-15	RegexTest_894/RegexTest_894	unsupported	
MS-Regex2006-07-15	RegexTest_895/RegexTest_895	unsupported	
MS-Regex2006-07-15	RegexTest_896/RegexTest_896	unsupported	
MS-Regex2006-07-15	RegexTest_897/RegexTest_897	unsupported	
MS-Regex2006-07-15	RegexTest_898/RegexTest_898	unsupported	
MS-Regex2006-07-15	RegexTest_899/RegexTest_899	unsupported	
MS-Regex2006-07-15	RegexTest_900/RegexTest_900	unsupported	
MS-Regex2006-07-15	RegexTest_901/RegexTest_901	unsupported	
MS-Regex2006-07-15	RegexTest_902/RegexTest_902	unsupported	
MS-Regex2006-07-15	RegexTest_903/RegexTest_903	unsupported	
MS-Regex2006-07-15	RegexTest_904/RegexTest_904	unsupported	
MS-Regex2006-07-15	RegexTest_905/RegexTest_905	unsupported	
MS-Regex2006-07-15	RegexTest_906/RegexTest_906	unsupported	
MS-Regex2006-07-15	RegexTest_907/RegexTest_907	unsupported	
MS-Regex2006-07-15	RegexTest_908/RegexTest_908	unsupported	
MS-Regex2006-07-15	RegexTest_909/RegexTest_909	unsupported	
MS-Regex2006-07-15	RegexTest_910/RegexTest_910	unsupported	
MS-Regex2006-07-15	RegexTest_911/RegexTest_911	unsupported	
MS-Regex2006-07-15	RegexTest_912/RegexTest_912	unsupported	
MS-Regex2006-07-15	RegexTest_913/RegexTest_913	unsupported	
MS-Regex2006-07-15	RegexTest_914/RegexTest_914	unsupported	
MS-Regex2006-07-15	RegexTest_915/RegexTest_915	unsupported	
MS-Regex2006-07-15	RegexTest_916/RegexTest_916	unsupported	
MS-Regex2006-07-15	RegexTest_917/RegexTest_917	unsupported	
MS-Regex2006-07-15	RegexTest_918/RegexTest_918	unsupported	
MS-Regex2006-07-15	RegexTest_919/RegexTest_919	unsupported	
MS-Regex2006-07-15	RegexTest_920/RegexTest_920	unsupported	
MS-Regex2006-07-15	RegexTest_921/RegexTest_921	unsupported	
MS-Regex2006-07-15	RegexTest_922/RegexTest_922	unsupported	
MS-Regex2006-07-15	RegexTest_923/RegexTest_923	unsupported	
MS-Regex2006-07-15	RegexTest_924/RegexTest_924	unsupported	
MS-Regex2006-07-15	RegexTest_928/RegexTest_928	unsupported	
MS-Regex2006-07-15	RegexTest_929/RegexTest_929	unsupported	
MS-Regex2006-07-15	RegexTest_930/RegexTest_930	unsupported	
MS-Regex2006-07-15	RegexTest_936/RegexTest_936	unsupported	
MS-Regex2006-07-15	RegexTest_937/RegexTest_937	unsupported	
MS-Regex2006-07-15	RegexTest_938/RegexTest_938	unsupported	
MS-Regex2006-07-15	RegexTest_939/RegexTest_939	unsupported	
MS-Regex2006-07-15	RegexTest_940/RegexTest_940	unsupported	
MS-Regex2006-07-15	RegexTest_941/RegexTest_941	unsupported	
MS-Regex2006-07-15	RegexTest_942/RegexTest_942	unsupported	
MS-Regex2006-07-15	RegexTest_943/RegexTest_943	unsupported	
MS-Regex2006-07-15	RegexTest_944/RegexTest_944	unsupported	
MS-Regex2006-07-15	RegexTest_945/RegexTest_945	unsupported	
MS-Regex2006-07-15	RegexTest_946/RegexTest_946	unsupported	
MS-Regex2006-07-15	RegexTest_949/RegexTest_949	unsupported	
MS-Regex2006-07-15	RegexTest_950/RegexTest_950	unsupported	
MS-Regex2006-07-15	RegexTest_951/RegexTest_951	unsupported	
MS-Regex2006-07-15	RegexTest_952/RegexTest_952	unsupported	
MS-Regex2006-07-15	RegexTest_953/RegexTest_953	unsupported	
MS-Regex2006-07-15	RegexTest_954/RegexTest_954	unsupported	
MS-Regex2006-07-15	RegexTest_955/RegexTest_955	unsupported	
MS-Regex2006-07-15	RegexTest_956/RegexTest_956	unsupported	
MS-Regex2006-07-15	RegexTest_957/RegexTest_957	unsupported	
MS-Regex2006-07-15	RegexTest_958/RegexTest_958	unsupported	
MS-Regex2006-07-15	RegexTest_959/RegexTest_959	unsupported	
MS-Regex2006-07-15	RegexTest_960/RegexTest_960	unsupported	
MS-Regex2006-07-15	RegexTest_961/RegexTest_961	unsupported	
MS-Regex2006-07-15	RegexTest_962/RegexTest_962	unsupported	
MS-Regex2006-07-15	RegexTest_963/RegexTest_963	unsupported	
MS-Regex2006-07-15	RegexTest_964/RegexTest_964	unsupported	
MS-Regex2006-07-15	RegexTest_965/RegexTest_965	unsupported	
MS-Regex2006-07-15	RegexTest_966/RegexTest_966	unsupported	
MS-Regex2006-07-15	RegexTest_976/RegexTest_976	unsupported	
MS-Regex2006-07-15	RegexTest_977/RegexTest_977	unsupported	
MS-Regex2006-07-15	RegexTest_988/RegexTest_988	unsupported	
MS-Regex2006-07-15	RegexTest_992/RegexTest_992	unsupported	
MS-Regex2006-07-15	RegexTest_993/RegexTest_993	fail	
MS-Regex2006-07-15	RegexTest_995/RegexTest_995	unsupported	
MS-Regex2006-07-15	RegexTest_996/RegexTest_996	unsupported	
MS-Regex2006-07-15	RegexTest_997/RegexTest_997	unsupported	
MS-Regex2006-07-15	RegexTest_999/RegexTest_999	fail	
MS-Regex2006-07-15	Runic/Runic	unsupported	
MS-Regex2006-07-15	Runic/Runic.v	unsupported	
MS-Regex2006-07-15	Sinhala/Sinhala	unsupported	
MS-Regex2006-07-15	Sinhala/Sinhala.v	unsupported	
MS-Regex2006-07-15	SmallFormVariants/SmallFormVariants	unsupported	
MS-Regex2006-07-15	SmallFormVariants/SmallFormVariants.v	unsupported	
MS-Regex2006-07-15	SpacingModifierLetters/SpacingModifierLetters	unsupported	
MS-Regex2006-07-15	SpacingModifierLetters/SpacingModifierLetters.v	unsupported	
MS-Regex2006-07-15	Specials/Specials	unsupported	
MS-Regex2006-07-15	Specials/Specials.v	unsupported	
MS-Regex2006-07-15	SuperscriptsandSubscripts/SuperscriptsandSubscripts	unsupported	
MS-Regex2006-07-15	SuperscriptsandSubscripts/SuperscriptsandSubscripts.v	unsupported	
MS-Regex2006-07-15	Syriac/Syriac	unsupported	
MS-Regex2006-07-15	Syriac/Syriac.v	unsupported	
MS-Regex2006-07-15	Tamil/Tamil	unsupported	
MS-Regex2006-07-15	Tamil/Tamil.v	unsupported	
MS-Regex2006-07-15	Telugu/Telugu	unsupported	
MS-Regex2006-07-15	Telugu/Telugu.v	unsupported	
MS-Regex2006-07-15	Thaana/Thaana	unsupported	
MS-Regex2006-07-15	Thaana/Thaana.v	unsupported	
MS-Regex2006-07-15	Thai/Thai	unsupported	
MS-Regex2006-07-15	Thai/Thai.v	unsupported	
MS-Regex2006-07-15	Tibetan/Tibetan	unsupported	
MS-Regex2006-07-15	Tibetan/Tibetan.v	unsupported	
MS-Regex2006-07-15	UnifiedCanadianAboriginalSyllabics/UnifiedCanadianAboriginalSyllabics	unsupported	
MS-Regex2006-07-15	UnifiedCanadianAboriginalSyllabics/UnifiedCanadianAboriginalSyllabics.v	unsupported	
MS-Regex2006-07-15	YiRadicals/YiRadicals	unsupported	
MS-Regex2006-07-15	YiRadicals/YiRadicals.v	unsupported	
MS-Regex2006-07-15	YiSyllables/YiSyllables	unsupported	
MS-Regex2006-07-15	YiSyllables/YiSyllables.v	unsupported	
ElemDecl	abstract00101m/abstract00101m	unsupported	
ElemDecl	abstract00101m/abstract00101m1_n	unsupported	
ElemDecl	abstract00101m/abstract00101m1_p	unsupported	
CType	abstract00101m1/Negative	unsupported	
CType	abstract00101m1/Positive	unsupported	
CType	abstract00101m1/abstract00101m1	unsupported	
CType	abstract00101m2/Negative	unsupported	
CType	abstract00101m2/abstract00101m2	unsupported	
ElemDecl	abstract00201m1/Negative	unsupported	
ElemDecl	abstract00201m1/abstract00201m1	unsupported	
ElemDecl	abstract00201m2/Positive	unsupported	
ElemDecl	abstract00201m2/abstract00201m2	unsupported	
AttrDecl	ad_annotation00101m2/AD_annotation00101m2	unsupported	
AttrDecl	ad_annotation00101m2/Positive	unsupported	
AttrDecl	ad_name00101m1/AD_name00101m1	unsupported	
AttrDecl	ad_name00101m1/Negative	unsupported	
AttrDecl	ad_name00101m1/Positive	unsupported	
AttrDecl	ad_name00101m2/AD_name00101m2	unsupported	
AttrDecl	ad_name00101m2/Negative	unsupported	
AttrDecl	ad_name00101m2/Positive	unsupported	
AttrDecl	ad_name00101m3/AD_name00101m3	unsupported	
AttrDecl	ad_name00101m3/Negative	unsupported	
AttrDecl	ad_name00101m3/Positive	unsupported	
AttrDecl	ad_name00101m4/AD_name00101m4	unsupported	
AttrDecl	ad_name00101m4/Negative	unsupported	
AttrDecl	ad_name00101m4/Positive	unsupported	
AttrDecl	ad_scope00101m2/AD_scope00101m2	fail	
AttrDecl	ad_targetns00101m/AD_targetNS00101m	unsupported	
AttrDecl	ad_targetns00101m/AD_targetNS00101m1_n	unsupported	
AttrDecl	ad_targetns00101m/AD_targetNS00101m1_p	unsupported	
AttrDecl	ad_targetns00101m/AD_targetNS00101m2_n	unsupported	
AttrDecl	ad_targetns00101m/AD_targetNS00101m3_n	unsupported	
AttrDecl	ad_targetns00101m/AD_targetNS00101m3_p	unsupported	
AttrDecl	ad_type00101m/AD_type00101m	unsupported	
AttrDecl	ad_type00101m/AD_type00101m1_n	unsupported	
AttrDecl	ad_type00101m/AD_type00101m1_p	unsupported	
AttrDecl	ad_type00101m/AD_type00101m2_n	unsupported	
AttrDecl	ad_type00101m/AD_type00101m2_p	unsupported	
AttrDecl	ad_type00102m/AD_type00102m	unsupported	
AttrDecl	ad_type00102m/AD_type00102m1_n	unsupported	
AttrDecl	ad_type00102m/AD_type00102m1_p	unsupported	
AttrDecl	ad_type00102m/AD_type00102m2_n	unsupported	
AttrDecl	ad_type00102m/AD_type00102m2_p	unsupported	
AttrDecl	ad_valconstr00101m/AD_valConstr00101m	unsupported	
AttrDecl	ad_valconstr00101m/AD_valConstr00101m1_n	unsupported	
AttrDecl	ad_valconstr00101m/AD_valConstr00101m1_p	unsupported	
AttrDecl	ad_valconstr00101m/AD_valConstr00101m2_n	unsupported	
AttrDecl	ad_valconstr00101m/AD_valConstr00101m2_p	unsupported	
AttrDecl	ad_valconstr00201m1/AD_valConstr00201m1	unsupported	
AttrDecl	ad_valconstr00201m2/AD_valConstr00201m2	unsupported	
AttrDecl	ad_valconstr00201m3/AD_valConstr00201m3	unsupported	
AttrDecl	ad_valconstr00201m3/Positive	unsupported	
AttrDecl	ad_valconstr00201m4/AD_valConstr00201m4	unsupported	
AttrDecl	ad_valconstr00201m5/AD_valConstr00201m5	unsupported	
MS-Additional2006-07-15	addA001/addA001	unsupported	
MS-Additional2006-07-15	addA002/addA002	unsupported	
MS-Additional2006-07-15	addA003/addA003	unsupported	
MS-Additional2006-07-15	addA005/addA005	unsupported	
MS-Additional2006-07-15	addA005/addA005.v	unsupported	
MS-Additional2006-07-15	addA006/addA006.v	blocked	
MS-Additional2006-07-15	addA008/addA008.v	blocked	
MS-Additional2006-07-15	addB003/addB003	unsupported	
MS-Additional2006-07-15	addB003/addB003.i	unsupported	
MS-Additional2006-07-15	addB004/addB004	unsupported	
MS-Additional2006-07-15	addB005/addB005	fail	
MS-Additional2006-07-15	addB007/addB007	unsupported	
MS-Additional2006-07-15	addB008/addB008	fail	
MS-Additional2006-07-15	addB009/addB009	fail	
MS-Additional2006-07-15	addB010/addB010	unsupported	
MS-Additional2006-07-15	addB017/addB017	unsupported	
MS-Additional2006-07-15	addB020/addB020	unsupported	
MS-Additional2006-07-15	addB021a/addB021a	fail	
MS-Additional2006-07-15	addB022/addB022	fail	
MS-Additional2006-07-15	addB023/addB023	unsupported	
MS-Additional2006-07-15	addB024/addB024	unsupported	
MS-Additional2006-07-15	addB029/addB029	unsupported	
MS-Additional2006-07-15	addB030/addB030	unsupported	
MS-Additional2006-07-15	addB033/addB033	fail	
MS-Additional2006-07-15	addB034/addB034.v	fail	attribute `attr` is prohibited here
MS-Additional2006-07-15	addB035/addB035	fail	
MS-Additional2006-07-15	addB036/addB036	fail	
MS-Additional2006-07-15	addB041/addB041	unsupported	
MS-Additional2006-07-15	addB044/addB044	unsupported	
MS-Additional2006-07-15	addB045/addB045	unsupported	
MS-Additional2006-07-15	addB050/addB050.i	fail	
MS-Additional2006-07-15	addB052/addB052	fail	
MS-Additional2006-07-15	addB053/addB053	fail	
MS-Additional2006-07-15	addB063/addB063.i	blocked	
MS-Additional2006-07-15	addB064/addB064	fail	xs:schema has 5 xs:annotation children; at most one is permitted
MS-Additional2006-07-15	addB065/addB065	unsupported	
MS-Additional2006-07-15	addB065/addB065.i	unsupported	
MS-Additional2006-07-15	addB066/addB066.i	fail	
MS-Additional2006-07-15	addB068/addB068.i	fail	
MS-Additional2006-07-15	addB070/addB070	unsupported	
MS-Additional2006-07-15	addB070a/addB070a	fail	
MS-Additional2006-07-15	addB076/addB076	unsupported	
MS-Additional2006-07-15	addB076/addB076.v	unsupported	
MS-Additional2006-07-15	addB078/addB078	unsupported	
MS-Additional2006-07-15	addB078/addB078.i	unsupported	
MS-Additional2006-07-15	addB078A/addB078A	unsupported	
MS-Additional2006-07-15	addB078A/addB078A.i	unsupported	
MS-Additional2006-07-15	addB078B/addB078B	unsupported	
MS-Additional2006-07-15	addB078B/addB078B.i	unsupported	
MS-Additional2006-07-15	addB080/addB080.i	fail	
MS-Additional2006-07-15	addB082/addB082	fail	
MS-Additional2006-07-15	addB083/addB083	fail	
MS-Additional2006-07-15	addB089/addB089	fail	
MS-Additional2006-07-15	addB090/addB090.v	fail	`c1` is not one of the permitted choices (any)
MS-Additional2006-07-15	addB092/addB092.i	fail	
MS-Additional2006-07-15	addB094/addB094	unsupported	
MS-Additional2006-07-15	addB095/addB095	fail	
MS-Additional2006-07-15	addB097/addB097	fail	
MS-Additional2006-07-15	addB101/addB101	fail	
MS-Additional2006-07-15	addB102/addB102.i	fail	
MS-Additional2006-07-15	addB104/addB104.v	fail	must be the fixed value `   123         `, not `  123 `
MS-Additional2006-07-15	addB106/addB106	unsupported	
MS-Additional2006-07-15	addB108/addB108	fail	
MS-Additional2006-07-15	addB110/addB110	fail	
MS-Additional2006-07-15	addB111/addB111	fail	
MS-Additional2006-07-15	addB112/addB112	fail	
MS-Additional2006-07-15	addB113/addB113	fail	
MS-Additional2006-07-15	addB114/addB114	unsupported	
MS-Additional2006-07-15	addB114/addB114.i	unsupported	
MS-Additional2006-07-15	addB116/addB116.v	fail	`b` matched a strict wildcard but has no declaration
MS-Additional2006-07-15	addB117/addB117	unsupported	
MS-Additional2006-07-15	addB120/addB120.i	blocked	
MS-Additional2006-07-15	addB121/addB121	fail	
MS-Additional2006-07-15	addB122/addB122	unsupported	
MS-Additional2006-07-15	addB122/addB122.v	unsupported	
MS-Additional2006-07-15	addB124/addB124.i	blocked	
MS-Additional2006-07-15	addB125/addB125	unsupported	
MS-Additional2006-07-15	addB125/addB125.v	unsupported	
MS-Additional2006-07-15	addB126/addB126	unsupported	
MS-Additional2006-07-15	addB127/addB127	unsupported	
MS-Additional2006-07-15	addB128/addB128	unsupported	
MS-Additional2006-07-15	addB129/addB129	unsupported	
MS-Additional2006-07-15	addB129/addB129.v	unsupported	
MS-Additional2006-07-15	addB130/addB130	unsupported	
MS-Additional2006-07-15	addB130/addB130.v	unsupported	
MS-Additional2006-07-15	addB131/addB131	unsupported	
MS-Additional2006-07-15	addB131/addB131.v	unsupported	
MS-Additional2006-07-15	addB132/addB132	unsupported	
MS-Additional2006-07-15	addB132/addB132.v	unsupported	
MS-Additional2006-07-15	addB134/addB134.v	blocked	
MS-Additional2006-07-15	addB136/addB136.v	fail	attribute `attr` is prohibited here
MS-Additional2006-07-15	addB137/addB137	fail	
MS-Additional2006-07-15	addB138/addB138.i	blocked	
MS-Additional2006-07-15	addB139/addB139.i	blocked	
MS-Additional2006-07-15	addB140/addB140.v	fail	`test` matched a strict wildcard but has no declaration
MS-Additional2006-07-15	addB141/addB141	unsupported	
MS-Additional2006-07-15	addB142/addB142.i	blocked	
MS-Additional2006-07-15	addB144/addB144	unsupported	
MS-Additional2006-07-15	addB148/addB148	unsupported	
MS-Additional2006-07-15	addB148/addB148.v	unsupported	
MS-Additional2006-07-15	addB149/addB149	unsupported	
MS-Additional2006-07-15	addB149/addB149.i	unsupported	
MS-Additional2006-07-15	addB150/addB150	unsupported	
MS-Additional2006-07-15	addB153/addB153	fail	
MS-Additional2006-07-15	addB155/addB155.v	blocked	
MS-Additional2006-07-15	addB156/addB156.i	blocked	
MS-Additional2006-07-15	addB157/addB157.v	blocked	
MS-Additional2006-07-15	addB158/addB158.i	blocked	
MS-Additional2006-07-15	addB159/addB159.i	blocked	
MS-Additional2006-07-15	addB160/addB160.v	blocked	
MS-Additional2006-07-15	addB161/addB161.i	blocked	
MS-Additional2006-07-15	addB162/addB162.i	blocked	
MS-Additional2006-07-15	addB163/addB163.v	blocked	
MS-Additional2006-07-15	addB164/addB164.i	blocked	
MS-Additional2006-07-15	addB165/addB165.v	blocked	
MS-Additional2006-07-15	addB166/addB166.i	blocked	
MS-Additional2006-07-15	addB167/addB167.i	blocked	
MS-Additional2006-07-15	addB168/addB168.v	blocked	
MS-Additional2006-07-15	addB169.1/addB169.1	unsupported	
MS-Additional2006-07-15	addB169.1/addB169.1.v	unsupported	
MS-Additional2006-07-15	addB169/addB169.v	blocked	
MS-Additional2006-07-15	addB176/addB176	unsupported	
MS-Additional2006-07-15	addB176/addB176.v	unsupported	
MS-Additional2006-07-15	addB177/addB177	fail	
MS-Additional2006-07-15	addB178/addB178	unsupported	
MS-Additional2006-07-15	addB180/addB180	unsupported	
MS-Additional2006-07-15	addB181/addB181.i	blocked	
MS-Additional2006-07-15	addB187/addB187.v	fail	the schema declares no top-level element named `doc` (it declares: )
MS-Additional2006-07-15	addB191/addB191.v	blocked	
MS-Additional2006-07-15	addB194/addB194	fail	xs:schema has 45 xs:annotation children; at most one is permitted
MS-Additional2006-07-15	addB199/addB199.i	blocked	
MS-Additional2006-07-15	addB200a/addB200a	unsupported	
MS-Additional2006-07-15	addB200a/addB200a.i	unsupported	
MS-Additional2006-07-15	addB200b/addB200b	unsupported	
MS-Additional2006-07-15	addB200b/addB200b.i	unsupported	
MS-Additional2006-07-15	addB200c/addB200c	unsupported	
MS-Additional2006-07-15	addB200c/addB200c.i	unsupported	
MS-Additional2006-07-15	addB201/addB201.i	fail	
MS-Additional2006-07-15	addB202a/addB202a.i	blocked	
MS-Additional2006-07-15	addB202b/addB202b.i	blocked	
MS-Additional2006-07-15	addB31/addB31	unsupported	
MS-Additional2006-07-15	addB31/addB31.v	unsupported	
MS-Additional2006-07-15	addD003/addD003	fail	xs:schema has 8 xs:annotation children; at most one is permitted
MS-Additional2006-07-15	addD004/addD004	unsupported	
MS-Additional2006-07-15	addD004/addD004.v	unsupported	
MS-Additional2006-07-15	addD004a/addD004a	unsupported	
MS-Additional2006-07-15	addD004a/addD004a.v	unsupported	
MS-Additional2006-07-15	adda007/adda007.v	blocked	
AGroupDef	ag_attrusens00101m1_n/AG_attrUseNS00101m1_n	fail	
AGroupDef	ag_name00101m1_n/AG_name00101m1_n	fail	
AGroupDef	ag_targetns00101m1_n/AG_targetNS00101m1_n	fail	
MS-Annotations2006-07-15	annotA018/annotA018	unsupported	
MS-Annotations2006-07-15	annotA019/annotA019	unsupported	
MS-Annotations2006-07-15	annotB001/annotB001	fail	
MS-Annotations2006-07-15	annotB008/annotB008	fail	xs:appinfo has 2 xs:annotation children; at most one is permitted
MS-Annotations2006-07-15	annotB014/annotB014	fail	xs:documentation has 2 xs:annotation children; at most one is permitted
MS-Annotations2006-07-15	annotB027/annotB027	fail	xs:schema has 2 xs:annotation children; at most one is permitted
MS-Annotations2006-07-15	annotC001/annotC001	unsupported	
MS-Annotations2006-07-15	annotC002/annotC002	unsupported	
MS-Annotations2006-07-15	annotD001/annotD001	unsupported	
MS-Annotations2006-07-15	annotD002/annotD002	unsupported	
MS-Annotations2006-07-15	annotE002/annotE002	unsupported	
MS-Annotations2006-07-15	annotF001/annotF001	fail	
MS-Annotations2006-07-15	annotF003/annotF003	fail	
MS-Annotations2006-07-15	annotF009/annotF009	fail	
MS-Annotations2006-07-15	annotZ001/annotZ001	unsupported	
MS-Annotations2006-07-15	annotZ002/annotZ002	unsupported	
MS-Annotations2006-07-15	annotZ004/annotZ004	unsupported	
Notation	annotation00101m1/Positive	unsupported	
Notation	annotation00101m1/annotation00101m1	unsupported	
MGroup	annotation00101m10/Positive	unsupported	
MGroup	annotation00101m10/annotation00101m10	unsupported	
MGroup	annotation00101m16/Positive	unsupported	
MGroup	annotation00101m16/annotation00101m16	unsupported	
CType	annotation00101m2/Positive	unsupported	
CType	annotation00101m2/annotation00101m2	unsupported	
ElemDecl	annotation00101m3/Positive	unsupported	
Notation	annotation00101m3/Positive	unsupported	
Wildcard	annotation00101m3/Positive	unsupported	
ElemDecl	annotation00101m3/annotation00101m3	unsupported	
Notation	annotation00101m3/annotation00101m3	unsupported	
Wildcard	annotation00101m3/annotation00101m3	unsupported	
AGroupDef	annotation00101m4/Positive	unsupported	
IdConstrDefs	annotation00101m4/Positive	unsupported	
MGroup	annotation00101m4/Positive	unsupported	
MGroupDef	annotation00101m4/Positive	unsupported	
AGroupDef	annotation00101m4/annotation00101m4	unsupported	
IdConstrDefs	annotation00101m4/annotation00101m4	unsupported	
MGroup	annotation00101m4/annotation00101m4	unsupported	
MGroupDef	annotation00101m4/annotation00101m4	unsupported	
Wildcard	annotation00101m7/Positive	unsupported	
Wildcard	annotation00101m7/annotation00101m7	unsupported	
Schema	annotations00101m2/Positive	blocked	
Schema	annotations00101m2/annotations00101m2	fail	xs:schema has 2 xs:annotation children; at most one is permitted
Schema	annotations00101m3/Positive	blocked	
Schema	annotations00101m3/annotations00101m3	fail	xs:annotation must be the first child of xs:schema
Schema	annotations00101m4/Positive	unsupported	
Schema	annotations00101m4/annotations00101m4	unsupported	
Schema	annotations00101m5/Positive	blocked	
Schema	annotations00101m5/annotations00101m5	fail	xs:schema has 2 xs:annotation children; at most one is permitted
Schema	annotations00101m6/Positive	blocked	
Schema	annotations00101m6/annotations00101m6	fail	xs:annotation must be the first child of xs:schema
MS-DataTypes2006-07-15	anyURI_a001_1336/anyURI_a001_1336	unsupported	
MS-DataTypes2006-07-15	anyURI_a001_1336/anyURI_a001_1336.v	unsupported	
MS-DataTypes2006-07-15	anyURI_a002_1337/anyURI_a002_1337	unsupported	
MS-DataTypes2006-07-15	anyURI_a002_1337/anyURI_a002_1337.v	unsupported	
MS-DataTypes2006-07-15	anyURI_a004_1339/anyURI_a004_1339	unsupported	
MS-DataTypes2006-07-15	anyURI_a004_1339/anyURI_a004_1339.i	unsupported	
MS-DataTypes2006-07-15	anyURI_a009_1344/anyURI_a009_1344	unsupported	
MS-DataTypes2006-07-15	anyURI_a010_1345/anyURI_a010_1345	unsupported	
MS-DataTypes2006-07-15	anyURI_a011_1346/anyURI_a011_1346	unsupported	
MS-DataTypes2006-07-15	anyURI_b006_1356/anyURI_b006_1356	unsupported	
MS-DataTypes2006-07-15	anyURI_b006_1356/anyURI_b006_1356.i	unsupported	
MS-DataTypes2006-07-15	anyURI_length006_262/anyURI_length006_262	fail	
MS-DataTypes2006-07-15	anyURI_length007_263/anyURI_length007_263	fail	
MS-DataTypes2006-07-15	anyURI_minLength006_269/anyURI_minLength006_269	fail	
NIST2004-01-14	atomic-QName-length-1/NISTXML-SV-IV-atomic-QName-length-2-1	fail	`a` must be exactly 7 characters, not 1
NIST2004-01-14	atomic-QName-length-1/NISTXML-SV-IV-atomic-QName-length-2-2	fail	`qasked_fact_tech` must be exactly 7 characters, not 16
NIST2004-01-14	atomic-QName-length-1/NISTXML-SV-IV-atomic-QName-length-2-3	fail	`lof_:binteracting.and_of.build.` must be exactly 7 characters, not 31
NIST2004-01-14	atomic-QName-length-1/NISTXML-SV-IV-atomic-QName-length-2-4	fail	`x:frich-and-revolution.particularly-support_in` must be exactly 7 characters, not 46
NIST2004-01-14	atomic-QName-length-1/NISTXML-SV-IV-atomic-QName-length-2-5	fail	`_of_we-and_adoption_these_used-unbiased_documents.will-versio` must be exactly 7 characters, not 61
NIST2004-01-14	atomic-QName-length-2/NISTXML-SV-IV-atomic-QName-length-3-1	fail	`e` must be exactly 33 characters, not 1
NIST2004-01-14	atomic-QName-length-2/NISTXML-SV-IV-atomic-QName-length-3-2	fail	`mretrieve-simple` must be exactly 33 characters, not 16
NIST2004-01-14	atomic-QName-length-2/NISTXML-SV-IV-atomic-QName-length-3-3	fail	`_met:ka.partnerships_reference-` must be exactly 33 characters, not 31
NIST2004-01-14	atomic-QName-length-2/NISTXML-SV-IV-atomic-QName-length-3-4	fail	`rits_test.of_tests-standard.different-registry` must be exactly 33 characters, not 46
NIST2004-01-14	atomic-QName-length-2/NISTXML-SV-IV-atomic-QName-length-3-5	fail	`sa.e_by.l:etests_criteria-of.networks-recognition-bandwidth_s` must be exactly 33 characters, not 61
NIST2004-01-14	atomic-QName-length-3/NISTXML-SV-IV-atomic-QName-length-4-1	fail	`t` must be exactly 34 characters, not 1
NIST2004-01-14	atomic-QName-length-3/NISTXML-SV-IV-atomic-QName-length-4-2	fail	`win_ava:sdevices` must be exactly 34 characters, not 16
NIST2004-01-14	atomic-QName-length-3/NISTXML-SV-IV-atomic-QName-length-4-3	fail	`o:rfurther-and-and-around_the-w` must be exactly 34 characters, not 31
NIST2004-01-14	atomic-QName-length-3/NISTXML-SV-IV-atomic-QName-length-4-4	fail	`kincluding_define_implementation_structured_hi` must be exactly 34 characters, not 46
NIST2004-01-14	atomic-QName-length-3/NISTXML-SV-IV-atomic-QName-length-4-5	fail	`sin.associated-pico-cellular_:mchallenges_the-been-data-with.` must be exactly 34 characters, not 61
NIST2004-01-14	atomic-QName-length-4/NISTXML-SV-IV-atomic-QName-length-5-1	fail	`h` must be exactly 64 characters, not 1
NIST2004-01-14	atomic-QName-length-4/NISTXML-SV-IV-atomic-QName-length-5-2	fail	`_w:lscreen-into_` must be exactly 64 characters, not 16
NIST2004-01-14	atomic-QName-length-4/NISTXML-SV-IV-atomic-QName-length-5-3	fail	`oled-digital-with-related-as-ch` must be exactly 64 characters, not 31
NIST2004-01-14	atomic-QName-length-4/NISTXML-SV-IV-atomic-QName-length-5-4	fail	`_project_will.technolo:keliminate_documents.co` must be exactly 64 characters, not 46
NIST2004-01-14	atomic-QName-length-4/NISTXML-SV-IV-atomic-QName-length-5-5	fail	`wbase.service.well.soft:_standards_enabling_measurement-a.for` must be exactly 64 characters, not 61
NIST2004-01-14	atomic-QName-length/NISTXML-SV-IV-atomic-QName-length-1-2	fail	`_outfit:_this_st` must be exactly 1 characters, not 16
NIST2004-01-14	atomic-QName-length/NISTXML-SV-IV-atomic-QName-length-1-3	fail	`dw:fand_the-tools_heterogeneous` must be exactly 1 characters, not 31
NIST2004-01-14	atomic-QName-length/NISTXML-SV-IV-atomic-QName-length-1-4	fail	`vfor.the.define_portable_disseminate_allow.dat` must be exactly 1 characters, not 46
NIST2004-01-14	atomic-QName-length/NISTXML-SV-IV-atomic-QName-length-1-5	fail	`brecent-one-adoption-:lmore.include_allow_available_files_man` must be exactly 1 characters, not 61
NIST2004-01-14	atomic-QName-maxLength-1/NISTXML-SV-IV-atomic-QName-maxLength-2-2	fail	`f:fprofile.where` must be at most 4 characters, not 16
NIST2004-01-14	atomic-QName-maxLength-1/NISTXML-SV-IV-atomic-QName-maxLength-2-3	fail	`dof_business.fact.many_specific` must be at most 4 characters, not 31
NIST2004-01-14	atomic-QName-maxLength-1/NISTXML-SV-IV-atomic-QName-maxLength-2-4	fail	`sfed.and_standards.s:fsoftware-systems-related` must be at most 4 characters, not 46
NIST2004-01-14	atomic-QName-maxLength-1/NISTXML-SV-IV-atomic-QName-maxLength-2-5	fail	`isoftware.related_per:_use-success-commerce.other-computing-s` must be at most 4 characters, not 61
NIST2004-01-14	atomic-QName-maxLength-2/NISTXML-SV-IV-atomic-QName-maxLength-3-5	fail	`da_with.via.sense_and.development-by_this-and-specifications-` must be at most 57 characters, not 61
NIST2004-01-14	atomic-QName-maxLength/NISTXML-SV-IV-atomic-QName-maxLength-1-2	fail	`xthe:aand-be.qua` must be at most 1 characters, not 16
NIST2004-01-14	atomic-QName-maxLength/NISTXML-SV-IV-atomic-QName-maxLength-1-3	fail	`_to:fby-execution_with_where_di` must be at most 1 characters, not 31
NIST2004-01-14	atomic-QName-maxLength/NISTXML-SV-IV-atomic-QName-maxLength-1-4	fail	`ftestability.focusing-issues.measure-world_the` must be at most 1 characters, not 46
NIST2004-01-14	atomic-QName-maxLength/NISTXML-SV-IV-atomic-QName-maxLength-1-5	fail	`amust.launching_the.and:greference-are_cooperation_contributo` must be at most 1 characters, not 61
NIST2004-01-14	atomic-QName-minLength-1/NISTXML-SV-IV-atomic-QName-minLength-2-1	fail	`t` must be at least 8 characters, not 1
NIST2004-01-14	atomic-QName-minLength-2/NISTXML-SV-IV-atomic-QName-minLength-3-1	fail	`j` must be at least 50 characters, not 1
NIST2004-01-14	atomic-QName-minLength-2/NISTXML-SV-IV-atomic-QName-minLength-3-2	fail	`ksi:bwith_techno` must be at least 50 characters, not 16
NIST2004-01-14	atomic-QName-minLength-2/NISTXML-SV-IV-atomic-QName-minLength-3-3	fail	`eintuit:ptesting.is.mechanism.a` must be at least 50 characters, not 31
NIST2004-01-14	atomic-QName-minLength-2/NISTXML-SV-IV-atomic-QName-minLength-3-4	fail	`tsoftw:cprimary.from.contained.the.is_for_serv` must be at least 50 characters, not 46
NIST2004-01-14	atomic-QName-minLength-3/NISTXML-SV-IV-atomic-QName-minLength-4-1	fail	`a` must be at least 18 characters, not 1
NIST2004-01-14	atomic-QName-minLength-3/NISTXML-SV-IV-atomic-QName-minLength-4-2	fail	`_both.a:ythem_wo` must be at least 18 characters, not 16
NIST2004-01-14	atomic-QName-minLength-4/NISTXML-SV-IV-atomic-QName-minLength-5-1	fail	`d` must be at least 64 characters, not 1
NIST2004-01-14	atomic-QName-minLength-4/NISTXML-SV-IV-atomic-QName-minLength-5-2	fail	`gprovides.cost-e` must be at least 64 characters, not 16
NIST2004-01-14	atomic-QName-minLength-4/NISTXML-SV-IV-atomic-QName-minLength-5-3	fail	`urepository-that_file_and.many.` must be at least 64 characters, not 31
NIST2004-01-14	atomic-QName-minLength-4/NISTXML-SV-IV-atomic-QName-minLength-5-4	fail	`fand.fed-to_is_fac:gand.will.as-the_enough_and` must be at least 64 characters, not 46
NIST2004-01-14	atomic-QName-minLength-4/NISTXML-SV-IV-atomic-QName-minLength-5-5	fail	`yexecution.those.context-rich:_through_and_that-cross-referen` must be at least 64 characters, not 61
NIST2004-01-14	atomic-base64Binary-length-1/NISTXML-SV-IV-atomic-base64Binary-length-2-1	fail	`cw==` must be exactly 1 characters, not 4
NIST2004-01-14	atomic-base64Binary-length-1/NISTXML-SV-IV-atomic-base64Binary-length-2-2	fail	`aw==` must be exactly 1 characters, not 4
NIST2004-01-14	atomic-base64Binary-length-1/NISTXML-SV-IV-atomic-base64Binary-length-2-3	fail	`cA==` must be exactly 1 characters, not 4
NIST2004-01-14	atomic-base64Binary-length-1/NISTXML-SV-IV-atomic-base64Binary-length-2-4	fail	`dQ==` must be exactly 1 characters, not 4
NIST2004-01-14	atomic-base64Binary-length-1/NISTXML-SV-IV-atomic-base64Binary-length-2-5	fail	`aw==` must be exactly 1 characters, not 4
NIST2004-01-14	atomic-base64Binary-length-2/NISTXML-SV-IV-atomic-base64Binary-length-3-1	fail	`c3dqYWFmdml0dGZyeG9lanJsYWR3eHF4b3JuYm53ag==` must be exactly 31 characters, not 44
NIST2004-01-14	atomic-base64Binary-length-2/NISTXML-SV-IV-atomic-base64Binary-length-3-2	fail	`YnRvYmlzZnFmcmhrcHB3eGJ1eXhmZ3l0aWtoZmVubg==` must be exactly 31 characters, not 44
NIST2004-01-14	atomic-base64Binary-length-2/NISTXML-SV-IV-atomic-base64Binary-length-3-3	fail	`YWlnb3RqcmFoeWZ2eGJhZG5sdHBkYWV3aGxpaGRyYw==` must be exactly 31 characters, not 44
NIST2004-01-14	atomic-base64Binary-length-2/NISTXML-SV-IV-atomic-base64Binary-length-3-4	fail	`YW13cHJpcmhwbmJuZW93cmpqaWdwbWxlaG53d2t5aw==` must be exactly 31 characters, not 44
NIST2004-01-14	atomic-base64Binary-length-2/NISTXML-SV-IV-atomic-base64Binary-length-3-5	fail	`YXVoaGVnZXBic2Nzb3NveXVvbmd4eXNsZmh2aXdvbA==` must be exactly 31 characters, not 44
NIST2004-01-14	atomic-base64Binary-length-3/NISTXML-SV-IV-atomic-base64Binary-length-4-1	fail	`c3dtdG9ka2lrbmhsZ2ZjYmV3b3BxdG1od2p4aWpnaWZsZm92d3d1cmF1cHBueGU=` must be exactly 47 characters, not 64
NIST2004-01-14	atomic-base64Binary-length-3/NISTXML-SV-IV-atomic-base64Binary-length-4-2	fail	`bGFnaHhkd3F2dHRzcnFiY3Z4cWVubmxhZ3h5ZmV2aXhjZmFmdWVzZ2x0eWdqZmM=` must be exactly 47 characters, not 64
NIST2004-01-14	atomic-base64Binary-length-3/NISTXML-SV-IV-atomic-base64Binary-length-4-3	fail	`ZGVmcGhiYWF2eWZkcHBxa3dncWhnZHNqd3N2am1nZGhnYXN4d2JwY21qc2h0c2Q=` must be exactly 47 characters, not 64
NIST2004-01-14	atomic-base64Binary-length-3/NISTXML-SV-IV-atomic-base64Binary-length-4-4	fail	`cnFraW5sbG1ieXBrdXh4bXVndndkYWV4cWNhY3lkdGxwdXFlaHF3ZHl1dWhzZWQ=` must be exactly 47 characters, not 64
NIST2004-01-14	atomic-base64Binary-length-3/NISTXML-SV-IV-atomic-base64Binary-length-4-5	fail	`aWFjYmdtY3Jia2tyZXByZHNxeGxnYWxwc2t5Y21qdWpmYnlldnNsbW10YmVpb24=` must be exactly 47 characters, not 64
NIST2004-01-14	atomic-base64Binary-length-4/NISTXML-SV-IV-atomic-base64Binary-length-5-1	fail	`d3d4YW1iam5qeGNhbHBmaXhyaHZqcHRsbXRzbWJ1ZGxpd3R2Y2xuYm9yc2lxYnFuYWtnZHFjc2l4ZHZ1eWd2d3JqYmZtYnhtYnE=` must be exactly 74 characters, not 100
NIST2004-01-14	atomic-base64Binary-length-4/NISTXML-SV-IV-atomic-base64Binary-length-5-2	fail	`dWhhZmNiZHl2b211aHJpa2FoeG5oZGdqYm1wZGNtd3Zxcmt2ZWV3bHNxb2RkY2hod29hYXJxcWZqbWVodmhvbXZocXdkdHhidXc=` must be exactly 74 characters, not 100
NIST2004-01-14	atomic-base64Binary-length-4/NISTXML-SV-IV-atomic-base64Binary-length-5-3	fail	`YmV4YXZwZHZoc2h4bXdocHBxdmFndnN1dmlydnl5am1waWVzeGhnanl5bmdibmhhdmxkbnF1aGFpcXZ2amphb29rbnljYmpocmk=` must be exactly 74 characters, not 100
NIST2004-01-14	atomic-base64Binary-length-4/NISTXML-SV-IV-atomic-base64Binary-length-5-4	fail	`cHhqY3Fqdmx4bGxpZGZveGpudGNhYWF5bmZxc3Nya3BvdHJuc25wYWNoYWZ2c29hYWRheGZnb3JleHJyc3FhZmRydXV5dmhnaWI=` must be exactly 74 characters, not 100
NIST2004-01-14	atomic-base64Binary-length-4/NISTXML-SV-IV-atomic-base64Binary-length-5-5	fail	`ZWhzeGlja21qdHFzZmphaXRtZGNzdGlxYnFvZndpeHdpcGlqbmZhdHhtdmFpdm54b3draGphdndnZGV2dWhzYnhkdGN2bmdjaXE=` must be exactly 74 characters, not 100
NIST2004-01-14	atomic-base64Binary-length/NISTXML-SV-IV-atomic-base64Binary-length-1-1	fail	`Yw==` must be exactly 1 characters, not 4
NIST2004-01-14	atomic-base64Binary-length/NISTXML-SV-IV-atomic-base64Binary-length-1-2	fail	`eQ==` must be exactly 1 characters, not 4
NIST2004-01-14	atomic-base64Binary-length/NISTXML-SV-IV-atomic-base64Binary-length-1-3	fail	`cw==` must be exactly 1 characters, not 4
NIST2004-01-14	atomic-base64Binary-length/NISTXML-SV-IV-atomic-base64Binary-length-1-4	fail	`aQ==` must be exactly 1 characters, not 4
NIST2004-01-14	atomic-base64Binary-length/NISTXML-SV-IV-atomic-base64Binary-length-1-5	fail	`dQ==` must be exactly 1 characters, not 4
NIST2004-01-14	atomic-base64Binary-maxLength-1/NISTXML-SV-IV-atomic-base64Binary-maxLength-2-4	fail	`YWR2eHdicnVzdmx3YW1tdnV2c3drZHVlbHBjb29vbHR3ZA==` must be at most 45 characters, not 48
NIST2004-01-14	atomic-base64Binary-maxLength-1/NISTXML-SV-IV-atomic-base64Binary-maxLength-2-5	fail	`ZmNhYWNvY3l5a3d0bGF5bmRidHVvY2lmcmt5ZGdxcmtxcXNnZHlsZG94bmJ2` must be at most 45 characters, not 60
NIST2004-01-14	atomic-base64Binary-maxLength-2/NISTXML-SV-IV-atomic-base64Binary-maxLength-3-4	fail	`ZHZtamxud2doaGNpZ3F0bGVxdXNlZGhucHh2anZtYmxia2Zwcm5sZg==` must be at most 54 characters, not 56
NIST2004-01-14	atomic-base64Binary-maxLength-2/NISTXML-SV-IV-atomic-base64Binary-maxLength-3-5	fail	`cmp4c2NlYnRsc3d2d25ld2tld215eXNzdWVkdWp3ZGpwaWdsbWlhYnVxZ2l3Y2ZqZ2Nkb2o=` must be at most 54 characters, not 72
NIST2004-01-14	atomic-base64Binary-maxLength-3/NISTXML-SV-IV-atomic-base64Binary-maxLength-4-4	fail	`Ymp4cmVva2R4dmJ4am9wbWdyc255Zm1mcWZpZ3VxZXJ3eHZ4ZmdrdnVmZmJmYQ==` must be at most 61 characters, not 64
NIST2004-01-14	atomic-base64Binary-maxLength-3/NISTXML-SV-IV-atomic-base64Binary-maxLength-4-5	fail	`cW93dWRoa2pub2FtaWNkdmNldWF3ZXNnYm9taXR2eG93eG5uYmJxanJudXZ3ZHFldmhiZ3NoYXRndWtxaw==` must be at most 61 characters, not 84
NIST2004-01-14	atomic-base64Binary-maxLength-4/NISTXML-SV-IV-atomic-base64Binary-maxLength-5-4	fail	`YmNnc3lqYmZvYnBscmhqamZraHZ5dndxZG90cnB1dXJuZWp0bnlzamx0ZWh5ZGxkcG1hY25hdg==` must be at most 74 characters, not 76
NIST2004-01-14	atomic-base64Binary-maxLength-4/NISTXML-SV-IV-atomic-base64Binary-maxLength-5-5	fail	`aWN0YXJlam94am9yaWhybWhkaGFuY2Fza2FsaXFyZWhsa21qY2hnZWl0aWh0eGJvZGlyaWtmdXJicG14cmh5Z2x5eHF3Y2Focw==` must be at most 74 characters, not 100
NIST2004-01-14	atomic-base64Binary-maxLength/NISTXML-SV-IV-atomic-base64Binary-maxLength-1-1	fail	`YQ==` must be at most 1 characters, not 4
NIST2004-01-14	atomic-base64Binary-maxLength/NISTXML-SV-IV-atomic-base64Binary-maxLength-1-2	fail	`aA==` must be at most 1 characters, not 4
NIST2004-01-14	atomic-base64Binary-maxLength/NISTXML-SV-IV-atomic-base64Binary-maxLength-1-3	fail	`Yw==` must be at most 1 characters, not 4
NIST2004-01-14	atomic-base64Binary-maxLength/NISTXML-SV-IV-atomic-base64Binary-maxLength-1-4	fail	`aQ==` must be at most 1 characters, not 4
NIST2004-01-14	atomic-base64Binary-maxLength/NISTXML-SV-IV-atomic-base64Binary-maxLength-1-5	fail	`ZA==` must be at most 1 characters, not 4
NIST2004-01-14	atomic-hexBinary-length-1/NISTXML-SV-IV-atomic-hexBinary-length-2-1	fail	`73756e6d646279637070646378667371` must be exactly 16 characters, not 32
NIST2004-01-14	atomic-hexBinary-length-1/NISTXML-SV-IV-atomic-hexBinary-length-2-2	fail	`696a7372617365727177786e76626274` must be exactly 16 characters, not 32
NIST2004-01-14	atomic-hexBinary-length-1/NISTXML-SV-IV-atomic-hexBinary-length-2-3	fail	`6e67676f66736a677468677077746668` must be exactly 16 characters, not 32
NIST2004-01-14	atomic-hexBinary-length-1/NISTXML-SV-IV-atomic-hexBinary-length-2-4	fail	`616c6b6b636377696e7265646e6e7678` must be exactly 16 characters, not 32
NIST2004-01-14	atomic-hexBinary-length-1/NISTXML-SV-IV-atomic-hexBinary-length-2-5	fail	`6c777676726b78736e61736a64766973` must be exactly 16 characters, not 32
NIST2004-01-14	atomic-hexBinary-length-2/NISTXML-SV-IV-atomic-hexBinary-length-3-1	fail	`776c6a7870627864747264616e76637377706464696c736e6a637372756c736c696a66786c65796e6f` must be exactly 41 characters, not 82
NIST2004-01-14	atomic-hexBinary-length-2/NISTXML-SV-IV-atomic-hexBinary-length-3-2	fail	`6e7066747876756f6e71636d6a65656a746278707574706c6f7872746370676268686f6e7979767670` must be exactly 41 characters, not 82
NIST2004-01-14	atomic-hexBinary-length-2/NISTXML-SV-IV-atomic-hexBinary-length-3-3	fail	`7976726a686e70676d756a786c67756367667672747563767563797375706c6e7263796c6d796f746f` must be exactly 41 characters, not 82
NIST2004-01-14	atomic-hexBinary-length-2/NISTXML-SV-IV-atomic-hexBinary-length-3-4	fail	`74626c6575637874666f62716b6d7377636a7673626f70676a656e6f7862646569756d6b616d617972` must be exactly 41 characters, not 82
NIST2004-01-14	atomic-hexBinary-length-2/NISTXML-SV-IV-atomic-hexBinary-length-3-5	fail	`6f7470776c63616d6771636e756c6e716f64736f62677868726672736e77766d6d7272646562766365` must be exactly 41 characters, not 82
NIST2004-01-14	atomic-hexBinary-length-3/NISTXML-SV-IV-atomic-hexBinary-length-4-1	fail	`61647361677962727668716261676e776777676764666a697478706f656f6d646d72696f7474796b74627672716470636d71617073617767626e697569746164776d6870` must be exactly 68 characters, not 136
NIST2004-01-14	atomic-hexBinary-length-3/NISTXML-SV-IV-atomic-hexBinary-length-4-2	fail	`6c71686d646d64687679646a686761737563666f696f73696f63787976696267706763616d786d647170767470706466726169636d7161716e78786974796a7767726565` must be exactly 68 characters, not 136
NIST2004-01-14	atomic-hexBinary-length-3/NISTXML-SV-IV-atomic-hexBinary-length-4-3	fail	`7675776d67747075716a677377686d6c6c617768616a77786574657972656973646e6c6a626c757172717374757576776b7968766d6d736875776d6273696e79636b7663` must be exactly 68 characters, not 136
NIST2004-01-14	atomic-hexBinary-length-3/NISTXML-SV-IV-atomic-hexBinary-length-4-4	fail	`68637564617068786a696a6762686c6c6d74776b7273647564656e726372666c6e6c63636c6e77787870616a6966656971746f74746f6572787870726d6874776f786268` must be exactly 68 characters, not 136
NIST2004-01-14	atomic-hexBinary-length-3/NISTXML-SV-IV-atomic-hexBinary-length-4-5	fail	`7262656f6e6c6467666a6f7568676f746668756f6f6f716766666a63736a7265687273676b636663756472696567686678736f7074636b67666f71736272756170706467` must be exactly 68 characters, not 136
NIST2004-01-14	atomic-hexBinary-length-4/NISTXML-SV-IV-atomic-hexBinary-length-5-1	fail	`71617165766675796f7077626377736e796f62757475776a6363686e6570727665706379666c6d637074756e647075637775616871676161746b786a65687867616e747874786b617170` must be exactly 74 characters, not 148
NIST2004-01-14	atomic-hexBinary-length-4/NISTXML-SV-IV-atomic-hexBinary-length-5-2	fail	`6f6d636d71766b6679676b6e7169727276636a747961716464797066626d6474707671616a61707163796e75706f6561646b64676a6e7778746c6b7874767063706a6976777065767577` must be exactly 74 characters, not 148
NIST2004-01-14	atomic-hexBinary-length-4/NISTXML-SV-IV-atomic-hexBinary-length-5-3	fail	`787372716871736f6f616178707273707874687562696177616f6c637677686e72636d676f6a6b786c776e64666d7378796679656a64706d676d72616d7973746668736b65626964716e` must be exactly 74 characters, not 148
NIST2004-01-14	atomic-hexBinary-length-4/NISTXML-SV-IV-atomic-hexBinary-length-5-4	fail	`7367786779776e6476666369717977766e76796f6e79636d706a686d6b616a676a6272687979646775776e6863776b62746a706f77726672706e78716a666f626476776674756b786f6e` must be exactly 74 characters, not 148
NIST2004-01-14	atomic-hexBinary-length-4/NISTXML-SV-IV-atomic-hexBinary-length-5-5	fail	`6174786a656d70627377707072676773717375746676787272646975616b71766a73646f6a696f736f67616f746a6e7272626b616b636d6b706469767574757772736a64726e716f6765` must be exactly 74 characters, not 148
NIST2004-01-14	atomic-hexBinary-length/NISTXML-SV-IV-atomic-hexBinary-length-1-1	fail	`63` must be exactly 1 characters, not 2
NIST2004-01-14	atomic-hexBinary-length/NISTXML-SV-IV-atomic-hexBinary-length-1-2	fail	`77` must be exactly 1 characters, not 2
NIST2004-01-14	atomic-hexBinary-length/NISTXML-SV-IV-atomic-hexBinary-length-1-3	fail	`78` must be exactly 1 characters, not 2
NIST2004-01-14	atomic-hexBinary-length/NISTXML-SV-IV-atomic-hexBinary-length-1-4	fail	`77` must be exactly 1 characters, not 2
NIST2004-01-14	atomic-hexBinary-length/NISTXML-SV-IV-atomic-hexBinary-length-1-5	fail	`65` must be exactly 1 characters, not 2
NIST2004-01-14	atomic-hexBinary-maxLength-1/NISTXML-SV-IV-atomic-hexBinary-maxLength-2-3	fail	`6f7774697171766977747769697065` must be at most 29 characters, not 30
NIST2004-01-14	atomic-hexBinary-maxLength-1/NISTXML-SV-IV-atomic-hexBinary-maxLength-2-4	fail	`686e75626463777362686a726472747078746d656f75` must be at most 29 characters, not 44
NIST2004-01-14	atomic-hexBinary-maxLength-1/NISTXML-SV-IV-atomic-hexBinary-maxLength-2-5	fail	`767261756d6e6f726f707462687963777068676870786c6277756c686a` must be at most 29 characters, not 58
NIST2004-01-14	atomic-hexBinary-maxLength-2/NISTXML-SV-IV-atomic-hexBinary-maxLength-3-4	fail	`66646c68` must be at most 7 characters, not 8
NIST2004-01-14	atomic-hexBinary-maxLength-2/NISTXML-SV-IV-atomic-hexBinary-maxLength-3-5	fail	`7676726d68` must be at most 7 characters, not 10
NIST2004-01-14	atomic-hexBinary-maxLength-3/NISTXML-SV-IV-atomic-hexBinary-maxLength-4-4	fail	`79757774` must be at most 6 characters, not 8
NIST2004-01-14	atomic-hexBinary-maxLength-3/NISTXML-SV-IV-atomic-hexBinary-maxLength-4-5	fail	`6e6e6a666f` must be at most 6 characters, not 10
NIST2004-01-14	atomic-hexBinary-maxLength-4/NISTXML-SV-IV-atomic-hexBinary-maxLength-5-4	fail	`6362696e6a666e6871726f657373756a71656e796470756866756765766a70706172696264687763716e77776276686876676e736a7762` must be at most 74 characters, not 110
NIST2004-01-14	atomic-hexBinary-maxLength-4/NISTXML-SV-IV-atomic-hexBinary-maxLength-5-5	fail	`696e6d6f6f72706c7170666269637373746d736c6b746e75666e6b72626167766d70646371726f6a636173786c70627274636971786c6a78706e6a726574636b6c6f6b676871677073` must be at most 74 characters, not 146
NIST2004-01-14	atomic-hexBinary-maxLength/NISTXML-SV-IV-atomic-hexBinary-maxLength-1-1	fail	`71` must be at most 1 characters, not 2
NIST2004-01-14	atomic-hexBinary-maxLength/NISTXML-SV-IV-atomic-hexBinary-maxLength-1-2	fail	`76` must be at most 1 characters, not 2
NIST2004-01-14	atomic-hexBinary-maxLength/NISTXML-SV-IV-atomic-hexBinary-maxLength-1-3	fail	`77` must be at most 1 characters, not 2
NIST2004-01-14	atomic-hexBinary-maxLength/NISTXML-SV-IV-atomic-hexBinary-maxLength-1-4	fail	`67` must be at most 1 characters, not 2
NIST2004-01-14	atomic-hexBinary-maxLength/NISTXML-SV-IV-atomic-hexBinary-maxLength-1-5	fail	`79` must be at most 1 characters, not 2
MS-Attribute2006-07-15	attA001/attA001	unsupported	
MS-Attribute2006-07-15	attA002/attA002	unsupported	
MS-Attribute2006-07-15	attA003/attA003	unsupported	
MS-Attribute2006-07-15	attA004/attA004	unsupported	
MS-Attribute2006-07-15	attA005/attA005	unsupported	
MS-Attribute2006-07-15	attA006/attA006	unsupported	
MS-Attribute2006-07-15	attA007/attA007	unsupported	
MS-Attribute2006-07-15	attA008/attA008	unsupported	
MS-Attribute2006-07-15	attC004/attC004	fail	
MS-Attribute2006-07-15	attC005/attC005	fail	
MS-Attribute2006-07-15	attC006/attC006	fail	
MS-Attribute2006-07-15	attC007/attC007	fail	
MS-Attribute2006-07-15	attC008/attC008	fail	
MS-Attribute2006-07-15	attC009/attC009	fail	
MS-Attribute2006-07-15	attC010/attC010	fail	
MS-Attribute2006-07-15	attD002/attD002	fail	
MS-Attribute2006-07-15	attD005/attD005	unsupported	
MS-Attribute2006-07-15	attD006/attD006	unsupported	
MS-Attribute2006-07-15	attE003/attE003	fail	
MS-Attribute2006-07-15	attE004/attE004	fail	
MS-Attribute2006-07-15	attE005/attE005	fail	
MS-Attribute2006-07-15	attE006/attE006	fail	
MS-Attribute2006-07-15	attE007/attE007	fail	
MS-Attribute2006-07-15	attF004/attF004	fail	
MS-Attribute2006-07-15	attF005/attF005	fail	
MS-Attribute2006-07-15	attF006/attF006	fail	
MS-Attribute2006-07-15	attF007/attF007	fail	
MS-Attribute2006-07-15	attF008/attF008	fail	
MS-Attribute2006-07-15	attF009/attF009	fail	
MS-Attribute2006-07-15	attF010/attF010	fail	
MS-Attribute2006-07-15	attF011/attF011	fail	
MS-Attribute2006-07-15	attH001/attH001	fail	
MS-Attribute2006-07-15	attJ011/attJ011	fail	
MS-Attribute2006-07-15	attJ012/attJ012	fail	
MS-Attribute2006-07-15	attJ013/attJ013	fail	
MS-Attribute2006-07-15	attJ014/attJ014	fail	
MS-Attribute2006-07-15	attJ015/attJ015	fail	
MS-Attribute2006-07-15	attJ016/attJ016	fail	
MS-Attribute2006-07-15	attJ017/attJ017	fail	
MS-Attribute2006-07-15	attKa001/attKa001	unsupported	
MS-Attribute2006-07-15	attKa002/attKa002	unsupported	
MS-Attribute2006-07-15	attKa003/attKa003	unsupported	
MS-Attribute2006-07-15	attKa004/attKa004	unsupported	
MS-Attribute2006-07-15	attKa005/attKa005	unsupported	
MS-Attribute2006-07-15	attKa007/attKa007	fail	
MS-Attribute2006-07-15	attKa008/attKa008	fail	
MS-Attribute2006-07-15	attKa009/attKa009	fail	
MS-Attribute2006-07-15	attKa010/attKa010	fail	
MS-Attribute2006-07-15	attKa012/attKa012	fail	
MS-Attribute2006-07-15	attKa013/attKa013	fail	
MS-Attribute2006-07-15	attKa014/attKa014	fail	
MS-Attribute2006-07-15	attKa015/attKa015	fail	
MS-Attribute2006-07-15	attKb001/attKb001	unsupported	
MS-Attribute2006-07-15	attKb002/attKb002	unsupported	
MS-Attribute2006-07-15	attKb003/attKb003	unsupported	
MS-Attribute2006-07-15	attKb004/attKb004	unsupported	
MS-Attribute2006-07-15	attKb005/attKb005	unsupported	
MS-Attribute2006-07-15	attKb011/attKb011	fail	
MS-Attribute2006-07-15	attKb012/attKb012	unsupported	
MS-Attribute2006-07-15	attKb013/attKb013	fail	
MS-Attribute2006-07-15	attKb015/attKb015	fail	
MS-Attribute2006-07-15	attKb016/attKb016	fail	
MS-Attribute2006-07-15	attKb017/attKb017	fail	
MS-Attribute2006-07-15	attKb018a/attKb018a	fail	
MS-Attribute2006-07-15	attKc001/attKc001	unsupported	
MS-Attribute2006-07-15	attKc002/attKc002	unsupported	
MS-Attribute2006-07-15	attKc003/attKc003	unsupported	
MS-Attribute2006-07-15	attKc004/attKc004	unsupported	
MS-Attribute2006-07-15	attKc005/attKc005	unsupported	
MS-Attribute2006-07-15	attKc011/attKc011	fail	
MS-Attribute2006-07-15	attKc012/attKc012	unsupported	
MS-Attribute2006-07-15	attKc013/attKc013	fail	
MS-Attribute2006-07-15	attKc015/attKc015	fail	
MS-Attribute2006-07-15	attKc016/attKc016	fail	
MS-Attribute2006-07-15	attKc017/attKc017	fail	
MS-Attribute2006-07-15	attKc018a/attKc018a	unsupported	
MS-Attribute2006-07-15	attLa001/attLa001	unsupported	
MS-Attribute2006-07-15	attLa001/attLa001.v	unsupported	
MS-Attribute2006-07-15	attLa002/attLa002	unsupported	
MS-Attribute2006-07-15	attLa002/attLa002.v	unsupported	
MS-Attribute2006-07-15	attLa003/attLa003	unsupported	
MS-Attribute2006-07-15	attLa003/attLa003.v	unsupported	
MS-Attribute2006-07-15	attLa004/attLa004	unsupported	
MS-Attribute2006-07-15	attLa004/attLa004.v	unsupported	
MS-Attribute2006-07-15	attLa005/attLa005	unsupported	
MS-Attribute2006-07-15	attLa005/attLa005.i	unsupported	
MS-Attribute2006-07-15	attLa006/attLa006	unsupported	
MS-Attribute2006-07-15	attLa006/attLa006.v	unsupported	
MS-Attribute2006-07-15	attLb001/attLb001	unsupported	
MS-Attribute2006-07-15	attLb001/attLb001.v	unsupported	
MS-Attribute2006-07-15	attLb002/attLb002	unsupported	
MS-Attribute2006-07-15	attLb002/attLb002.v	unsupported	
MS-Attribute2006-07-15	attLb003/attLb003	unsupported	
MS-Attribute2006-07-15	attLb003/attLb003.v	unsupported	
MS-Attribute2006-07-15	attLb004/attLb004	unsupported	
MS-Attribute2006-07-15	attLb004/attLb004.v	unsupported	
MS-Attribute2006-07-15	attLb005/attLb005	unsupported	
MS-Attribute2006-07-15	attLb005/attLb005.i	unsupported	
MS-Attribute2006-07-15	attLb006/attLb006	unsupported	
MS-Attribute2006-07-15	attLb006/attLb006.v	unsupported	
MS-Attribute2006-07-15	attLc001/attLc001	unsupported	
MS-Attribute2006-07-15	attLc001/attLc001.v	unsupported	
MS-Attribute2006-07-15	attLc002/attLc002	unsupported	
MS-Attribute2006-07-15	attLc002/attLc002.v	unsupported	
MS-Attribute2006-07-15	attLc003/attLc003	unsupported	
MS-Attribute2006-07-15	attLc003/attLc003.v	unsupported	
MS-Attribute2006-07-15	attLc004/attLc004	unsupported	
MS-Attribute2006-07-15	attLc004/attLc004.v	unsupported	
MS-Attribute2006-07-15	attLc005/attLc005	unsupported	
MS-Attribute2006-07-15	attLc005/attLc005.i	unsupported	
MS-Attribute2006-07-15	attLc006/attLc006	unsupported	
MS-Attribute2006-07-15	attLc006/attLc006.v	unsupported	
MS-Attribute2006-07-15	attMa001/attMa001.i	fail	
MS-Attribute2006-07-15	attMa002/attMa002.i	fail	
MS-Attribute2006-07-15	attMb001/attMb001	unsupported	
MS-Attribute2006-07-15	attMb001/attMb001.i	unsupported	
MS-Attribute2006-07-15	attMb002/attMb002	unsupported	
MS-Attribute2006-07-15	attMb002/attMb002.i	unsupported	
MS-Attribute2006-07-15	attMb003/attMb003	unsupported	
MS-Attribute2006-07-15	attMb003/attMb003.i	unsupported	
MS-Attribute2006-07-15	attMb004/attMb004	unsupported	
MS-Attribute2006-07-15	attMb004/attMb004.v	unsupported	
MS-Attribute2006-07-15	attMb005/attMb005	unsupported	
MS-Attribute2006-07-15	attMb005/attMb005.v	unsupported	
MS-Attribute2006-07-15	attMb006/attMb006	unsupported	
MS-Attribute2006-07-15	attMb006/attMb006.v	unsupported	
MS-Attribute2006-07-15	attMb007/attMb007	unsupported	
MS-Attribute2006-07-15	attMb007/attMb007.v	unsupported	
MS-Attribute2006-07-15	attMb008/attMb008	unsupported	
MS-Attribute2006-07-15	attMb008/attMb008.v	unsupported	
MS-Attribute2006-07-15	attMb009/attMb009	unsupported	
MS-Attribute2006-07-15	attMb009/attMb009.v	unsupported	
MS-Attribute2006-07-15	attMb010/attMb010	unsupported	
MS-Attribute2006-07-15	attMb010/attMb010.i	unsupported	
MS-Attribute2006-07-15	attMb011/attMb011	unsupported	
MS-Attribute2006-07-15	attMb011/attMb011.i	unsupported	
MS-Attribute2006-07-15	attMb012/attMb012	unsupported	
MS-Attribute2006-07-15	attMb012/attMb012.i	unsupported	
MS-Attribute2006-07-15	attMc001/attMc001	unsupported	
MS-Attribute2006-07-15	attMc001/attMc001.i	unsupported	
MS-Attribute2006-07-15	attMc002/attMc002	unsupported	
MS-Attribute2006-07-15	attMc002/attMc002.i	unsupported	
MS-Attribute2006-07-15	attMc003/attMc003	unsupported	
MS-Attribute2006-07-15	attMc003/attMc003.i	unsupported	
MS-Attribute2006-07-15	attMc004/attMc004	unsupported	
MS-Attribute2006-07-15	attMc004/attMc004.v	unsupported	
MS-Attribute2006-07-15	attMc005/attMc005	unsupported	
MS-Attribute2006-07-15	attMc005/attMc005.v	unsupported	
MS-Attribute2006-07-15	attMc006/attMc006	unsupported	
MS-Attribute2006-07-15	attMc006/attMc006.v	unsupported	
MS-Attribute2006-07-15	attMc007/attMc007	unsupported	
MS-Attribute2006-07-15	attMc007/attMc007.v	unsupported	
MS-Attribute2006-07-15	attMc008/attMc008	unsupported	
MS-Attribute2006-07-15	attMc008/attMc008.v	unsupported	
MS-Attribute2006-07-15	attMc009/attMc009	unsupported	
MS-Attribute2006-07-15	attMc009/attMc009.v	unsupported	
MS-Attribute2006-07-15	attMc010/attMc010	unsupported	
MS-Attribute2006-07-15	attMc010/attMc010.i	unsupported	
MS-Attribute2006-07-15	attMc011/attMc011	unsupported	
MS-Attribute2006-07-15	attMc011/attMc011.i	unsupported	
MS-Attribute2006-07-15	attMc012/attMc012	unsupported	
MS-Attribute2006-07-15	attMc012/attMc012.i	unsupported	
MS-Attribute2006-07-15	attMd001/attMd001.i	blocked	
MS-Attribute2006-07-15	attMd002/attMd002.i	blocked	
MS-Attribute2006-07-15	attMd003/attMd003.i	blocked	
MS-Attribute2006-07-15	attMd004/attMd004.i	blocked	
MS-Attribute2006-07-15	attMd005/attMd005.i	blocked	
MS-Attribute2006-07-15	attMd006/attMd006.i	blocked	
MS-Attribute2006-07-15	attMd007/attMd007.i	blocked	
MS-Attribute2006-07-15	attMd008/attMd008.i	blocked	
MS-Attribute2006-07-15	attMd009/attMd009.i	blocked	
MS-Attribute2006-07-15	attMd010/attMd010.i	blocked	
MS-Attribute2006-07-15	attMd011/attMd011.i	blocked	
MS-Attribute2006-07-15	attO002/attO002	fail	
MS-Attribute2006-07-15	attO003/attO003	unsupported	
MS-Attribute2006-07-15	attO005/attO005	unsupported	
MS-Attribute2006-07-15	attO006/attO006.v	fail	must be the fixed value `    123         `, not `123     `
MS-Attribute2006-07-15	attO009/attO009.v	fail	must be the fixed value `
 X 
Y
Z
`, not `X Y Z`
MS-Attribute2006-07-15	attO011/attO011.v	fail	must be the fixed value `
 X 
Y
Z
`, not ` X Y Z `
MS-Attribute2006-07-15	attO013/attO013	fail	
MS-Attribute2006-07-15	attO014/attO014	fail	
MS-Attribute2006-07-15	attO015/attO015	fail	
MS-Attribute2006-07-15	attO016/attO016	fail	
MS-Attribute2006-07-15	attO017/attO017	fail	
MS-Attribute2006-07-15	attO019/attO019	fail	
MS-Attribute2006-07-15	attO020/attO020	fail	
MS-Attribute2006-07-15	attO021/attO021	fail	
MS-Attribute2006-07-15	attO022/attO022	fail	
MS-Attribute2006-07-15	attO023/attO023	fail	
MS-Attribute2006-07-15	attO024/attO024	fail	
MS-Attribute2006-07-15	attO025/attO025	fail	
MS-Attribute2006-07-15	attP001/attP001	fail	
MS-Attribute2006-07-15	attP002/attP002	fail	
MS-Attribute2006-07-15	attP003/attP003	fail	
MS-Attribute2006-07-15	attP006/attP006	fail	
MS-Attribute2006-07-15	attP021/attP021	unsupported	
MS-Attribute2006-07-15	attP021/attP021.v	unsupported	
MS-Attribute2006-07-15	attP022/attP022	unsupported	
MS-Attribute2006-07-15	attP022/attP022.v	unsupported	
MS-Attribute2006-07-15	attP023/attP023	unsupported	
MS-Attribute2006-07-15	attP023/attP023.v	unsupported	
MS-Attribute2006-07-15	attP024/attP024	unsupported	
MS-Attribute2006-07-15	attP024/attP024.v	unsupported	
MS-Attribute2006-07-15	attP025/attP025	unsupported	
MS-Attribute2006-07-15	attP025/attP025.v	unsupported	
MS-Attribute2006-07-15	attP026/attP026	unsupported	
MS-Attribute2006-07-15	attP026/attP026.v	unsupported	
MS-Attribute2006-07-15	attP027/attP027	unsupported	
MS-Attribute2006-07-15	attP027/attP027.i	unsupported	
MS-Attribute2006-07-15	attP030/attP030	unsupported	
MS-Attribute2006-07-15	attP032/attP032	unsupported	
MS-Attribute2006-07-15	attP032/attP032.v	unsupported	
MS-Attribute2006-07-15	attQ002/attQ002	fail	
MS-Attribute2006-07-15	attQ005/attQ005	fail	
MS-Attribute2006-07-15	attQ006/attQ006	fail	
MS-Attribute2006-07-15	attQ007/attQ007	fail	
MS-Attribute2006-07-15	attQ009/attQ009	unsupported	
MS-Attribute2006-07-15	attQ010/attQ010	fail	`aga1` is declared twice on one type
MS-Attribute2006-07-15	attQ011/attQ011	unsupported	
MS-Attribute2006-07-15	attQ012/attQ012	fail	
MS-Attribute2006-07-15	attQ013/attQ013	unsupported	
MS-Attribute2006-07-15	attQ016/attQ016	unsupported	
MS-Attribute2006-07-15	attQ017/attQ017	unsupported	
MS-Attribute2006-07-15	attQ018/attQ018	unsupported	
MS-Attribute2006-07-15	attQ019/attQ019	fail	`aga1` is declared twice on one type
MS-Attribute2006-07-15	attQ019/attQ019.v	blocked	
MS-Attribute2006-07-15	attZ001/attZ001	unsupported	
MS-Attribute2006-07-15	attZ001/attZ001.i	unsupported	
MS-Attribute2006-07-15	attZ002/attZ002.v	fail	attribute `attr` is prohibited here
MS-Attribute2006-07-15	attZ004/attZ004	unsupported	
MS-Attribute2006-07-15	attZ005/attZ005	unsupported	
MS-Attribute2006-07-15	attZ005/attZ005.v	unsupported	
MS-Attribute2006-07-15	attZ006/attZ006	fail	
MS-Attribute2006-07-15	attZ008_b/attZ008_b	unsupported	
MS-Attribute2006-07-15	attZ008_d/attZ008_d	unsupported	
MS-Attribute2006-07-15	attZ008_e/attZ008_e	fail	
MS-Attribute2006-07-15	attZ008_f/attZ008_f	unsupported	
MS-Attribute2006-07-15	attZ008_h/attZ008_h	fail	
MS-Attribute2006-07-15	attZ011/attZ011	fail	
MS-Attribute2006-07-15	attZ012/attZ012	fail	
MS-Attribute2006-07-15	attZ013a/attZ013a	unsupported	
MS-Attribute2006-07-15	attZ013b/attZ013b	unsupported	
MS-Attribute2006-07-15	attZ015/attZ015.v	fail	attribute `a` is prohibited here
MS-AttributeGroup2006-07-15	attgB002/attgB002	fail	
MS-AttributeGroup2006-07-15	attgB003/attgB003	fail	
MS-AttributeGroup2006-07-15	attgB004/attgB004	fail	
MS-AttributeGroup2006-07-15	attgB005/attgB005	unsupported	
MS-AttributeGroup2006-07-15	attgB006/attgB006	fail	
MS-AttributeGroup2006-07-15	attgB007/attgB007	fail	
MS-AttributeGroup2006-07-15	attgB010/attgB010	fail	
MS-AttributeGroup2006-07-15	attgB011/attgB011	unsupported	
MS-AttributeGroup2006-07-15	attgB013/attgB013	fail	
MS-AttributeGroup2006-07-15	attgB015/attgB015	fail	
MS-AttributeGroup2006-07-15	attgC001/attgC001	fail	
MS-AttributeGroup2006-07-15	attgC006/attgC006	unsupported	
MS-AttributeGroup2006-07-15	attgC006/attgC006.i	unsupported	
MS-AttributeGroup2006-07-15	attgC007/attgC007	unsupported	
MS-AttributeGroup2006-07-15	attgC007/attgC007.v	unsupported	
MS-AttributeGroup2006-07-15	attgC008/attgC008	fail	
MS-AttributeGroup2006-07-15	attgC009/attgC009	fail	
MS-AttributeGroup2006-07-15	attgC010/attgC010	fail	
MS-AttributeGroup2006-07-15	attgC011/attgC011	fail	
MS-AttributeGroup2006-07-15	attgC017/attgC017	unsupported	
MS-AttributeGroup2006-07-15	attgC018/attgC018	fail	
MS-AttributeGroup2006-07-15	attgC019/attgC019	fail	
MS-AttributeGroup2006-07-15	attgC020/attgC020	fail	
MS-AttributeGroup2006-07-15	attgC021/attgC021	fail	
MS-AttributeGroup2006-07-15	attgC025/attgC025.i	fail	
MS-AttributeGroup2006-07-15	attgC028/attgC028	unsupported	
MS-AttributeGroup2006-07-15	attgC029/attgC029	fail	
MS-AttributeGroup2006-07-15	attgC030/attgC030	fail	
MS-AttributeGroup2006-07-15	attgC031/attgC031	fail	
MS-AttributeGroup2006-07-15	attgC032/attgC032	fail	
MS-AttributeGroup2006-07-15	attgC034/attgC034	unsupported	
MS-AttributeGroup2006-07-15	attgC035/attgC035	unsupported	
MS-AttributeGroup2006-07-15	attgC035/attgC035.v	unsupported	
MS-AttributeGroup2006-07-15	attgC036/attgC036	unsupported	
MS-AttributeGroup2006-07-15	attgC036/attgC036.v	unsupported	
MS-AttributeGroup2006-07-15	attgC037/attgC037	unsupported	
MS-AttributeGroup2006-07-15	attgC037/attgC037.v	unsupported	
MS-AttributeGroup2006-07-15	attgC038/attgC038	unsupported	
MS-AttributeGroup2006-07-15	attgC038/attgC038.v	unsupported	
MS-AttributeGroup2006-07-15	attgC039/attgC039	unsupported	
MS-AttributeGroup2006-07-15	attgC040/attgC040	unsupported	
MS-AttributeGroup2006-07-15	attgC041/attgC041	unsupported	
MS-AttributeGroup2006-07-15	attgC042/attgC042	unsupported	
MS-AttributeGroup2006-07-15	attgC043/attgC043	unsupported	
MS-AttributeGroup2006-07-15	attgC044/attgC044	unsupported	
MS-AttributeGroup2006-07-15	attgC045/attgC045	unsupported	
MS-AttributeGroup2006-07-15	attgD003/attgD003.v	fail	the instance is not well-formed XML
MS-AttributeGroup2006-07-15	attgD005/attgD005	unsupported	
MS-AttributeGroup2006-07-15	attgD005/attgD005.v	unsupported	
MS-AttributeGroup2006-07-15	attgD011/attgD011	fail	
MS-AttributeGroup2006-07-15	attgD012/attgD012	fail	
MS-AttributeGroup2006-07-15	attgD013/attgD013	fail	
MS-AttributeGroup2006-07-15	attgD014/attgD014	fail	
MS-AttributeGroup2006-07-15	attgD015/attgD015	fail	
MS-AttributeGroup2006-07-15	attgD017/attgD017	unsupported	
MS-AttributeGroup2006-07-15	attgD020/attgD020	unsupported	
MS-AttributeGroup2006-07-15	attgD020/attgD020.v	unsupported	
MS-AttributeGroup2006-07-15	attgD022/attgD022	unsupported	
MS-AttributeGroup2006-07-15	attgD022/attgD022.v	unsupported	
MS-AttributeGroup2006-07-15	attgD023/attgD023	unsupported	
MS-AttributeGroup2006-07-15	attgD023/attgD023.i	unsupported	
MS-AttributeGroup2006-07-15	attgD024/attgD024.i	fail	
MS-AttributeGroup2006-07-15	attgD026/attgD026.i	fail	
MS-AttributeGroup2006-07-15	attgD028/attgD028.i	fail	
MS-AttributeGroup2006-07-15	attgD030/attgD030.i	fail	
MS-AttributeGroup2006-07-15	attgD035/attgD035	unsupported	
MS-AttributeGroup2006-07-15	attgD035/attgD035.i	unsupported	
MS-AttributeGroup2006-07-15	attgD036/attgD036	unsupported	
MS-AttributeGroup2006-07-15	attgD036/attgD036.v	unsupported	
MS-AttributeGroup2006-07-15	attgD037/attgD037	fail	
MS-AttributeGroup2006-07-15	attgD038/attgD038	fail	
MS-AttributeGroup2006-07-15	attgD039/attgD039	fail	
MS-AttributeGroup2006-07-15	attgD042/attgD042.i	fail	
MS-AttributeGroup2006-07-15	attgZ001/attgZ001.i	fail	
MS-AttributeGroup2006-07-15	attgZ002/attgZ002	unsupported	
MS-AttributeGroup2006-07-15	attgZ003/attgZ003	unsupported	
AttrUse	au_attrdecl00101m1_n/AU_attrDecl00101m1_n	fail	
AttrUse	au_required00101m1/Negative	fail	
MS-DataTypes2006-07-15	base64Binary_length002_1310/base64Binary_length002_1310.v	fail	`MS0yLTM=` must be exactly 5 characters, not 8
MS-DataTypes2006-07-15	base64Binary_length006_241/base64Binary_length006_241	fail	
MS-DataTypes2006-07-15	base64Binary_length007_242/base64Binary_length007_242	fail	
MS-DataTypes2006-07-15	base64Binary_minLength004_1315/base64Binary_minLength004_1315.v	fail	`MS0yLTM=` must be at most 6 characters, not 8
MS-DataTypes2006-07-15	base64Binary_minLength006_248/base64Binary_minLength006_248	fail	
MS-DataTypes2006-07-15	byte_fractionDigits004_806/byte_fractionDigits004_806	fail	
MS-DataTypes2006-07-15	byte_fractionDigits007_809/byte_fractionDigits007_809	fail	
MS-DataTypes2006-07-15	byte_fractionDigits008_810/byte_fractionDigits008_810	fail	
MS-DataTypes2006-07-15	byte_maxInclusive005_782/byte_maxInclusive005_782	fail	
MS-DataTypes2006-07-15	byte_minExclusive005_796/byte_minExclusive005_796	fail	
MS-DataTypes2006-07-15	byte_minInclusive005_791/byte_minInclusive005_791	fail	
MS-DataTypes2006-07-15	byte_totalDigits003_799/byte_totalDigits003_799	fail	
MGroup	compositor00102m1/Negative	fail	
CType	contenttype00401m/contentType00401m	unsupported	
CType	contenttype00401m/contentType00401m1_n	unsupported	
CType	contenttype00401m/contentType00401m1_p	unsupported	
MS-ComplexType2006-07-15	ctA001/ctA001	unsupported	
MS-ComplexType2006-07-15	ctA001/ctA001.v	unsupported	
MS-ComplexType2006-07-15	ctA002/ctA002	unsupported	
MS-ComplexType2006-07-15	ctA002/ctA002.v	unsupported	
MS-ComplexType2006-07-15	ctA003/ctA003	unsupported	
MS-ComplexType2006-07-15	ctA003/ctA003.v	unsupported	
MS-ComplexType2006-07-15	ctA004/ctA004	unsupported	
MS-ComplexType2006-07-15	ctA005/ctA005	unsupported	
MS-ComplexType2006-07-15	ctA005/ctA005.v	unsupported	
MS-ComplexType2006-07-15	ctA006/ctA006	unsupported	
MS-ComplexType2006-07-15	ctA007/ctA007	unsupported	
MS-ComplexType2006-07-15	ctA008/ctA008	unsupported	
MS-ComplexType2006-07-15	ctA009/ctA009	unsupported	
MS-ComplexType2006-07-15	ctA009/ctA009.v	unsupported	
MS-ComplexType2006-07-15	ctA010/ctA010	unsupported	
MS-ComplexType2006-07-15	ctA010/ctA010.v	unsupported	
MS-ComplexType2006-07-15	ctA011/ctA011	unsupported	
MS-ComplexType2006-07-15	ctA011/ctA011.v	unsupported	
MS-ComplexType2006-07-15	ctA012/ctA012	unsupported	
MS-ComplexType2006-07-15	ctA012/ctA012.v	unsupported	
MS-ComplexType2006-07-15	ctA013/ctA013	unsupported	
MS-ComplexType2006-07-15	ctA013/ctA013.v	unsupported	
MS-ComplexType2006-07-15	ctA014/ctA014	unsupported	
MS-ComplexType2006-07-15	ctA015/ctA015	unsupported	
MS-ComplexType2006-07-15	ctA016/ctA016	unsupported	
MS-ComplexType2006-07-15	ctA017/ctA017	unsupported	
MS-ComplexType2006-07-15	ctA017/ctA017.v	unsupported	
MS-ComplexType2006-07-15	ctA018/ctA018	unsupported	
MS-ComplexType2006-07-15	ctA018/ctA018.v	unsupported	
MS-ComplexType2006-07-15	ctA019/ctA019	unsupported	
MS-ComplexType2006-07-15	ctA019/ctA019.v	unsupported	
MS-ComplexType2006-07-15	ctA020/ctA020	unsupported	
MS-ComplexType2006-07-15	ctA020/ctA020.v	unsupported	
MS-ComplexType2006-07-15	ctA021/ctA021	unsupported	
MS-ComplexType2006-07-15	ctA021/ctA021.v	unsupported	
MS-ComplexType2006-07-15	ctA022/ctA022	unsupported	
MS-ComplexType2006-07-15	ctA022/ctA022.v	unsupported	
MS-ComplexType2006-07-15	ctA023/ctA023	unsupported	
MS-ComplexType2006-07-15	ctA024/ctA024	unsupported	
MS-ComplexType2006-07-15	ctA025/ctA025	unsupported	
MS-ComplexType2006-07-15	ctA026/ctA026	unsupported	
MS-ComplexType2006-07-15	ctA026/ctA026.v	unsupported	
MS-ComplexType2006-07-15	ctA033/ctA033	unsupported	
MS-ComplexType2006-07-15	ctA033/ctA033.v	unsupported	
MS-ComplexType2006-07-15	ctA034/ctA034	unsupported	
MS-ComplexType2006-07-15	ctA034/ctA034.v	unsupported	
MS-ComplexType2006-07-15	ctA035/ctA035	unsupported	
MS-ComplexType2006-07-15	ctA035/ctA035.v	unsupported	
MS-ComplexType2006-07-15	ctA036/ctA036	unsupported	
MS-ComplexType2006-07-15	ctA037/ctA037	unsupported	
MS-ComplexType2006-07-15	ctA037/ctA037.v	unsupported	
MS-ComplexType2006-07-15	ctA038/ctA038	unsupported	
MS-ComplexType2006-07-15	ctA039/ctA039	unsupported	
MS-ComplexType2006-07-15	ctA040/ctA040	unsupported	
MS-ComplexType2006-07-15	ctA042/ctA042	fail	
MS-ComplexType2006-07-15	ctA043/ctA043	fail	
MS-ComplexType2006-07-15	ctA044/ctA044	fail	
MS-ComplexType2006-07-15	ctA046/ctA046	fail	
MS-ComplexType2006-07-15	ctB043/ctB043.v	fail	matched a strict wildcard but has no declaration
MS-ComplexType2006-07-15	ctB044/ctB044	fail	
MS-ComplexType2006-07-15	ctB057/ctB057.v	fail	matched a strict wildcard but has no declaration
MS-ComplexType2006-07-15	ctB058/ctB058	fail	
MS-ComplexType2006-07-15	ctB071/ctB071.v	fail	matched a strict wildcard but has no declaration
MS-ComplexType2006-07-15	ctB072/ctB072	fail	
MS-ComplexType2006-07-15	ctB085/ctB085.v	fail	matched a strict wildcard but has no declaration
MS-ComplexType2006-07-15	ctB086/ctB086	fail	
MS-ComplexType2006-07-15	ctB091/ctB091	fail	
MS-ComplexType2006-07-15	ctB092/ctB092	fail	
MS-ComplexType2006-07-15	ctB093/ctB093	fail	
MS-ComplexType2006-07-15	ctB094/ctB094	fail	
MS-ComplexType2006-07-15	ctB098/ctB098.v	fail	matched a strict wildcard but has no declaration
MS-ComplexType2006-07-15	ctB099/ctB099	fail	
MS-ComplexType2006-07-15	ctB104/ctB104	fail	
MS-ComplexType2006-07-15	ctB105/ctB105	fail	
MS-ComplexType2006-07-15	ctB106/ctB106	fail	
MS-ComplexType2006-07-15	ctB107/ctB107	fail	
MS-ComplexType2006-07-15	ctB111/ctB111.v	fail	matched a strict wildcard but has no declaration
MS-ComplexType2006-07-15	ctB112/ctB112	fail	
MS-ComplexType2006-07-15	ctB113/ctB113.v	fail	matched a strict wildcard but has no declaration
MS-ComplexType2006-07-15	ctB117/ctB117	fail	
MS-ComplexType2006-07-15	ctB118/ctB118	fail	
MS-ComplexType2006-07-15	ctB119/ctB119	fail	
MS-ComplexType2006-07-15	ctB120/ctB120	fail	
MS-ComplexType2006-07-15	ctB121/ctB121	fail	
MS-ComplexType2006-07-15	ctB122/ctB122	fail	
MS-ComplexType2006-07-15	ctB123/ctB123	fail	
MS-ComplexType2006-07-15	ctB124/ctB124	fail	
MS-ComplexType2006-07-15	ctB125/ctB125	fail	
MS-ComplexType2006-07-15	ctC009/ctC009	fail	
MS-ComplexType2006-07-15	ctD001/ctD001	fail	
MS-ComplexType2006-07-15	ctD003/ctD003	unsupported	
MS-ComplexType2006-07-15	ctD004/ctD004	fail	
MS-ComplexType2006-07-15	ctD013/ctD013	unsupported	
MS-ComplexType2006-07-15	ctD014/ctD014	unsupported	
MS-ComplexType2006-07-15	ctD024/ctD024	unsupported	
MS-ComplexType2006-07-15	ctD033/ctD033.v	fail	matched a strict wildcard but has no declaration
MS-ComplexType2006-07-15	ctD034/ctD034	fail	
MS-ComplexType2006-07-15	ctD036/ctD036	fail	
MS-ComplexType2006-07-15	ctD037/ctD037	fail	
MS-ComplexType2006-07-15	ctD038/ctD038	fail	
MS-ComplexType2006-07-15	ctD039/ctD039	fail	
MS-ComplexType2006-07-15	ctD041/ctD041	fail	
MS-ComplexType2006-07-15	ctD042/ctD042	fail	
MS-ComplexType2006-07-15	ctD043/ctD043	fail	
MS-ComplexType2006-07-15	ctE003/ctE003	fail	
MS-ComplexType2006-07-15	ctE004/ctE004	fail	
MS-ComplexType2006-07-15	ctE005/ctE005	fail	
MS-ComplexType2006-07-15	ctE008/ctE008.v	fail	matched a strict wildcard but has no declaration
MS-ComplexType2006-07-15	ctE011/ctE011	fail	
MS-ComplexType2006-07-15	ctE012/ctE012	fail	
MS-ComplexType2006-07-15	ctE013/ctE013	fail	
MS-ComplexType2006-07-15	ctE014/ctE014	fail	
MS-ComplexType2006-07-15	ctE016/ctE016	fail	
MS-ComplexType2006-07-15	ctE018/ctE018	unsupported	
MS-ComplexType2006-07-15	ctE018/ctE018.v	unsupported	
MS-ComplexType2006-07-15	ctE019/ctE019	unsupported	
MS-ComplexType2006-07-15	ctE019/ctE019.v	unsupported	
MS-ComplexType2006-07-15	ctF006/ctF006	unsupported	
MS-ComplexType2006-07-15	ctF007/ctF007	unsupported	
MS-ComplexType2006-07-15	ctF007/ctF007.v	unsupported	
MS-ComplexType2006-07-15	ctF008/ctF008	unsupported	
MS-ComplexType2006-07-15	ctF009/ctF009	unsupported	
MS-ComplexType2006-07-15	ctF010/ctF010	unsupported	
MS-ComplexType2006-07-15	ctF010/ctF010.v	unsupported	
MS-ComplexType2006-07-15	ctF011/ctF011	unsupported	
MS-ComplexType2006-07-15	ctF011/ctF011.v	unsupported	
MS-ComplexType2006-07-15	ctF012/ctF012	fail	
MS-ComplexType2006-07-15	ctF014/ctF014.v	fail	`myElement3` is not one of the permitted choices (myElement, myElement2)
MS-ComplexType2006-07-15	ctF015/ctF015	fail	
MS-ComplexType2006-07-15	ctG011/ctG011.v	fail	matched a strict wildcard but has no declaration
MS-ComplexType2006-07-15	ctG012/ctG012	fail	
MS-ComplexType2006-07-15	ctG023/ctG023.v	fail	matched a strict wildcard but has no declaration
MS-ComplexType2006-07-15	ctG024/ctG024	fail	
MS-ComplexType2006-07-15	ctG035/ctG035.v	fail	matched a strict wildcard but has no declaration
MS-ComplexType2006-07-15	ctG036/ctG036	fail	
MS-ComplexType2006-07-15	ctG047/ctG047.v	fail	matched a strict wildcard but has no declaration
MS-ComplexType2006-07-15	ctG048/ctG048	fail	
MS-ComplexType2006-07-15	ctG051/ctG051	fail	
MS-ComplexType2006-07-15	ctG052/ctG052	fail	
MS-ComplexType2006-07-15	ctG053/ctG053	fail	
MS-ComplexType2006-07-15	ctG054/ctG054	fail	
MS-ComplexType2006-07-15	ctG058/ctG058.v	fail	matched a strict wildcard but has no declaration
MS-ComplexType2006-07-15	ctG059/ctG059	fail	
MS-ComplexType2006-07-15	ctG062/ctG062	fail	
MS-ComplexType2006-07-15	ctG063/ctG063	fail	
MS-ComplexType2006-07-15	ctG064/ctG064	fail	
MS-ComplexType2006-07-15	ctG065/ctG065	fail	
MS-ComplexType2006-07-15	ctG069/ctG069.v	fail	matched a strict wildcard but has no declaration
MS-ComplexType2006-07-15	ctG070/ctG070	fail	
MS-ComplexType2006-07-15	ctG071/ctG071.v	fail	matched a strict wildcard but has no declaration
MS-ComplexType2006-07-15	ctG073/ctG073	fail	
MS-ComplexType2006-07-15	ctG074/ctG074	fail	
MS-ComplexType2006-07-15	ctG075/ctG075	fail	
MS-ComplexType2006-07-15	ctG076/ctG076	fail	
MS-ComplexType2006-07-15	ctG077/ctG077	fail	
MS-ComplexType2006-07-15	ctG078/ctG078	fail	
MS-ComplexType2006-07-15	ctG079/ctG079	fail	
MS-ComplexType2006-07-15	ctG080/ctG080	fail	
MS-ComplexType2006-07-15	ctG081/ctG081	fail	
MS-ComplexType2006-07-15	ctH011/ctH011.v	fail	matched a strict wildcard but has no declaration
MS-ComplexType2006-07-15	ctH012/ctH012	fail	
MS-ComplexType2006-07-15	ctH013/ctH013	fail	
MS-ComplexType2006-07-15	ctH019/ctH019	fail	
MS-ComplexType2006-07-15	ctH020/ctH020	fail	
MS-ComplexType2006-07-15	ctH021/ctH021	fail	
MS-ComplexType2006-07-15	ctH022/ctH022	fail	
MS-ComplexType2006-07-15	ctH023/ctH023	fail	
MS-ComplexType2006-07-15	ctH024/ctH024	fail	
MS-ComplexType2006-07-15	ctH025/ctH025.v	fail	`myElement4` is not one of the permitted choices (myElement1, myElement2, myElement3)
MS-ComplexType2006-07-15	ctH031/ctH031.v	fail	`myElement4` is not one of the permitted choices (myElement1, myElement2, myElement3)
MS-ComplexType2006-07-15	ctH032/ctH032.v	fail	`myElement4` is not one of the permitted choices (myElement1, myElement2, myElement3)
MS-ComplexType2006-07-15	ctH033/ctH033.v	fail	`myElement4` is not one of the permitted choices (myElement1, myElement2, myElement3)
MS-ComplexType2006-07-15	ctH034/ctH034.v	fail	`myElement4` is not one of the permitted choices (myElement1, myElement2, myElement3)
MS-ComplexType2006-07-15	ctH035/ctH035.v	fail	matched a strict wildcard but has no declaration
MS-ComplexType2006-07-15	ctH036/ctH036	fail	
MS-ComplexType2006-07-15	ctH047/ctH047.v	fail	matched a strict wildcard but has no declaration
MS-ComplexType2006-07-15	ctH048/ctH048	fail	
MS-ComplexType2006-07-15	ctH051/ctH051	fail	
MS-ComplexType2006-07-15	ctH052/ctH052	fail	
MS-ComplexType2006-07-15	ctH053/ctH053	fail	
MS-ComplexType2006-07-15	ctH054/ctH054	fail	
MS-ComplexType2006-07-15	ctH058/ctH058.v	fail	matched a strict wildcard but has no declaration
MS-ComplexType2006-07-15	ctH059/ctH059	fail	
MS-ComplexType2006-07-15	ctH062/ctH062	fail	
MS-ComplexType2006-07-15	ctH063/ctH063	fail	
MS-ComplexType2006-07-15	ctH064/ctH064	fail	
MS-ComplexType2006-07-15	ctH065/ctH065	fail	
MS-ComplexType2006-07-15	ctH069/ctH069.v	fail	matched a strict wildcard but has no declaration
MS-ComplexType2006-07-15	ctH070/ctH070	fail	
MS-ComplexType2006-07-15	ctH071/ctH071.v	fail	matched a strict wildcard but has no declaration
MS-ComplexType2006-07-15	ctH073/ctH073	fail	
MS-ComplexType2006-07-15	ctH074/ctH074	fail	
MS-ComplexType2006-07-15	ctH075/ctH075	fail	
MS-ComplexType2006-07-15	ctH076/ctH076	fail	
MS-ComplexType2006-07-15	ctH077/ctH077	fail	
MS-ComplexType2006-07-15	ctH078/ctH078	fail	
MS-ComplexType2006-07-15	ctH079/ctH079	fail	
MS-ComplexType2006-07-15	ctH080/ctH080	fail	
MS-ComplexType2006-07-15	ctH081/ctH081	fail	
MS-ComplexType2006-07-15	ctH082/ctH082.v	fail	matched a strict wildcard but has no declaration
MS-ComplexType2006-07-15	ctI001/ctI001	fail	
MS-ComplexType2006-07-15	ctI002/ctI002	fail	
MS-ComplexType2006-07-15	ctI004/ctI004	unsupported	
MS-ComplexType2006-07-15	ctI004/ctI004.v	unsupported	
MS-ComplexType2006-07-15	ctI005/ctI005	unsupported	
MS-ComplexType2006-07-15	ctI005/ctI005.v	unsupported	
MS-ComplexType2006-07-15	ctI006/ctI006	unsupported	
MS-ComplexType2006-07-15	ctI007/ctI007	unsupported	
MS-ComplexType2006-07-15	ctI008/ctI008	unsupported	
MS-ComplexType2006-07-15	ctI009/ctI009	unsupported	
MS-ComplexType2006-07-15	ctI009/ctI009.v	unsupported	
MS-ComplexType2006-07-15	ctI010/ctI010	unsupported	
MS-ComplexType2006-07-15	ctI010/ctI010.v	unsupported	
MS-ComplexType2006-07-15	ctI011/ctI011	unsupported	
MS-ComplexType2006-07-15	ctI012/ctI012	unsupported	
MS-ComplexType2006-07-15	ctI013/ctI013	unsupported	
MS-ComplexType2006-07-15	ctI016/ctI016	fail	
MS-ComplexType2006-07-15	ctI017/ctI017	fail	
MS-ComplexType2006-07-15	ctI018/ctI018	unsupported	
MS-ComplexType2006-07-15	ctI018/ctI018.v	unsupported	
MS-ComplexType2006-07-15	ctI019/ctI019	unsupported	
MS-ComplexType2006-07-15	ctI019/ctI019.v	unsupported	
MS-ComplexType2006-07-15	ctI020/ctI020	fail	
MS-ComplexType2006-07-15	ctI022/ctI022	unsupported	
MS-ComplexType2006-07-15	ctI022/ctI022.v	unsupported	
MS-ComplexType2006-07-15	ctI024/ctI024	fail	
MS-ComplexType2006-07-15	ctI025/ctI025	unsupported	
MS-ComplexType2006-07-15	ctI025/ctI025.v	unsupported	
MS-ComplexType2006-07-15	ctI026/ctI026	unsupported	
MS-ComplexType2006-07-15	ctI026/ctI026.v	unsupported	
MS-ComplexType2006-07-15	ctI027/ctI027	unsupported	
MS-ComplexType2006-07-15	ctI027/ctI027.v	unsupported	
MS-ComplexType2006-07-15	ctI028/ctI028	unsupported	
MS-ComplexType2006-07-15	ctI028/ctI028.v	unsupported	
MS-ComplexType2006-07-15	ctI029/ctI029	unsupported	
MS-ComplexType2006-07-15	ctI029/ctI029.v	unsupported	
MS-ComplexType2006-07-15	ctI030/ctI030	unsupported	
MS-ComplexType2006-07-15	ctI030/ctI030.i	unsupported	
MS-ComplexType2006-07-15	ctI031/ctI031	unsupported	
MS-ComplexType2006-07-15	ctI031/ctI031.i	unsupported	
MS-ComplexType2006-07-15	ctI032/ctI032	unsupported	
MS-ComplexType2006-07-15	ctI032/ctI032.i	unsupported	
MS-ComplexType2006-07-15	ctI033/ctI033	unsupported	
MS-ComplexType2006-07-15	ctI033/ctI033.v	unsupported	
MS-ComplexType2006-07-15	ctI034/ctI034	unsupported	
MS-ComplexType2006-07-15	ctI034/ctI034.v	unsupported	
MS-ComplexType2006-07-15	ctI035/ctI035	unsupported	
MS-ComplexType2006-07-15	ctI035/ctI035.i	unsupported	
MS-ComplexType2006-07-15	ctI037/ctI037.v	fail	unexpected element `fooEle3`; this content model allows fooEle1, fooEle2 in that order
MS-ComplexType2006-07-15	ctI038/ctI038.i	fail	
MS-ComplexType2006-07-15	ctI040/ctI040	unsupported	
MS-ComplexType2006-07-15	ctI040/ctI040.v	unsupported	
MS-ComplexType2006-07-15	ctI041/ctI041	unsupported	
MS-ComplexType2006-07-15	ctI041/ctI041.v	unsupported	
MS-ComplexType2006-07-15	ctI042/ctI042.i	fail	
MS-ComplexType2006-07-15	ctI043/ctI043.v	fail	unexpected element `fooEle3`; this content model allows fooEle1, fooEle2 in that order
MS-ComplexType2006-07-15	ctI044/ctI044	unsupported	
MS-ComplexType2006-07-15	ctI044/ctI044.v	unsupported	
MS-ComplexType2006-07-15	ctI047/ctI047	unsupported	
MS-ComplexType2006-07-15	ctI047/ctI047.v	unsupported	
MS-ComplexType2006-07-15	ctI048/ctI048	unsupported	
MS-ComplexType2006-07-15	ctI048/ctI048.i	unsupported	
MS-ComplexType2006-07-15	ctI049/ctI049	unsupported	
MS-ComplexType2006-07-15	ctI049/ctI049.i	unsupported	
MS-ComplexType2006-07-15	ctI050/ctI050	unsupported	
MS-ComplexType2006-07-15	ctI050/ctI050.v	unsupported	
MS-ComplexType2006-07-15	ctJ001/ctJ001.v	fail	unexpected element `myElement4`; this content model allows myElement1, myElement2, myElement3 in that order
MS-ComplexType2006-07-15	ctJ002/ctJ002	fail	
MS-ComplexType2006-07-15	ctJ003/ctJ003	fail	
MS-ComplexType2006-07-15	ctK002/ctK002	unsupported	
MS-ComplexType2006-07-15	ctL005/ctL005	unsupported	
MS-ComplexType2006-07-15	ctL005/ctL005.v	unsupported	
MS-ComplexType2006-07-15	ctL006/ctL006	unsupported	
MS-ComplexType2006-07-15	ctL006/ctL006.i	unsupported	
MS-ComplexType2006-07-15	ctL011/ctL011	unsupported	
MS-ComplexType2006-07-15	ctL011/ctL011.v	unsupported	
MS-ComplexType2006-07-15	ctL012/ctL012	unsupported	
MS-ComplexType2006-07-15	ctL012/ctL012.i	unsupported	
MS-ComplexType2006-07-15	ctL021/ctL021.v	fail	matched a strict wildcard but has no declaration
MS-ComplexType2006-07-15	ctL022/ctL022	unsupported	
MS-ComplexType2006-07-15	ctL022/ctL022.v	unsupported	
MS-ComplexType2006-07-15	ctM001/ctM001	fail	
MS-ComplexType2006-07-15	ctM004/ctM004	fail	
MS-ComplexType2006-07-15	ctN001/ctN001	unsupported	
MS-ComplexType2006-07-15	ctN001/ctN001.v	unsupported	
MS-ComplexType2006-07-15	ctN002/ctN002	unsupported	
MS-ComplexType2006-07-15	ctN003/ctN003.v	fail	matched a strict wildcard but has no declaration
MS-ComplexType2006-07-15	ctN004/ctN004.v	fail	matched a strict wildcard but has no declaration
MS-ComplexType2006-07-15	ctO001/ctO001	unsupported	
MS-ComplexType2006-07-15	ctO001/ctO001.v	unsupported	
MS-ComplexType2006-07-15	ctO002/ctO002	unsupported	
MS-ComplexType2006-07-15	ctO003/ctO003	unsupported	
MS-ComplexType2006-07-15	ctO003/ctO003.v	unsupported	
MS-ComplexType2006-07-15	ctO004/ctO004	unsupported	
MS-ComplexType2006-07-15	ctO005/ctO005	unsupported	
MS-ComplexType2006-07-15	ctO006/ctO006	unsupported	
MS-ComplexType2006-07-15	ctO006/ctO006.v	unsupported	
MS-ComplexType2006-07-15	ctO007/ctO007	unsupported	
MS-ComplexType2006-07-15	ctZ001/ctZ001	unsupported	
MS-ComplexType2006-07-15	ctZ001/ctZ001.v	unsupported	
MS-ComplexType2006-07-15	ctZ002/ctZ002	unsupported	
MS-ComplexType2006-07-15	ctZ005/ctZ005.i	fail	
MS-ComplexType2006-07-15	ctZ007/ctZ007	unsupported	
MS-ComplexType2006-07-15	ctZ007/ctZ007.v	unsupported	
MS-ComplexType2006-07-15	ctZ008/ctZ008	unsupported	
MS-ComplexType2006-07-15	ctZ008/ctZ008.v	unsupported	
MS-ComplexType2006-07-15	ctZ009_a/ctZ009_a	unsupported	
MS-ComplexType2006-07-15	ctZ009_a/ctZ009_a.v	unsupported	
MS-ComplexType2006-07-15	ctZ009_b/ctZ009_b	unsupported	
MS-ComplexType2006-07-15	ctZ009_b/ctZ009_b.v	unsupported	
MS-ComplexType2006-07-15	ctZ009_c/ctZ009_c.i	fail	
MS-ComplexType2006-07-15	ctZ009_d/ctZ009_d	unsupported	
MS-ComplexType2006-07-15	ctZ009_d/ctZ009_d.v	unsupported	
MS-ComplexType2006-07-15	ctZ010/ctZ010	unsupported	
MS-ComplexType2006-07-15	ctZ010a/ctZ010a	unsupported	
MS-ComplexType2006-07-15	ctZ010c/ctZ010c	unsupported	
MS-ComplexType2006-07-15	ctZ010d/ctZ010d	unsupported	
MS-ComplexType2006-07-15	ctZ010e/ctZ010e	unsupported	
MS-ComplexType2006-07-15	ctZ010h/ctZ010h	unsupported	
MS-ComplexType2006-07-15	ctZ011_a/ctZ011_a.v	blocked	
MS-ComplexType2006-07-15	ctZ011_b/ctZ011_b.v	fail	this element must contain text, not child elements
MS-ComplexType2006-07-15	ctZ012b/ctZ012b	unsupported	
MS-ComplexType2006-07-15	ctZ013a/ctZ013a	unsupported	
MS-ComplexType2006-07-15	ctZ013a/ctZ013a.v	fail	the instance is not well-formed XML
MS-ComplexType2006-07-15	ctZ013b/ctZ013b	unsupported	
MS-ComplexType2006-07-15	ctZ013b/ctZ013b.v	fail	the instance is not well-formed XML
MS-ComplexType2006-07-15	ctZ013c/ctZ013c	unsupported	
MS-ComplexType2006-07-15	ctZ013d/ctZ013d	unsupported	
MS-ComplexType2006-07-15	ctZ013e/ctZ013e	unsupported	
MS-DataTypes2006-07-15	dateTime013_2009/dateTime013_2009.i	fail	
MS-DataTypes2006-07-15	dateTime_enumeration005a_1129/dateTime_enumeration005a_1129.v	fail	`2002-01-01T12:01:01+00:00` is not one of the permitted values (2002-01-01T12:01:01-00:00)
MS-DataTypes2006-07-15	dateTime_enumeration005b_1130/dateTime_enumeration005b_1130.v	fail	`2002-01-01T12:01:01Z` is not one of the permitted values (2002-01-01T12:01:01-00:00)
MS-DataTypes2006-07-15	dateTime_maxInclusive003_103/dateTime_maxInclusive003_103	fail	
MS-DataTypes2006-07-15	dateTime_minExclusive003_112/dateTime_minExclusive003_112	fail	
MS-DataTypes2006-07-15	dateTime_minInclusive003_109/dateTime_minInclusive003_109	fail	
MS-DataTypes2006-07-15	date_maxInclusive003_133/date_maxInclusive003_133	fail	
MS-DataTypes2006-07-15	date_maxInclusive007_134/date_maxInclusive007_134	fail	
MS-DataTypes2006-07-15	date_maxInclusive008_135/date_maxInclusive008_135	fail	
MS-DataTypes2006-07-15	date_minExclusive003_144/date_minExclusive003_144	fail	
MS-DataTypes2006-07-15	date_minInclusive003_141/date_minInclusive003_141	fail	
MS-DataTypes2006-07-15	decimal_fractionDigits008_51/decimal_fractionDigits008_51	fail	
MS-DataTypes2006-07-15	decimal_maxInclusive003_28/decimal_maxInclusive003_28	fail	
MS-DataTypes2006-07-15	decimal_minExclusive003_36/decimal_minExclusive003_36	fail	
MS-DataTypes2006-07-15	decimal_minInclusive003_33/decimal_minInclusive003_33	fail	
MS-DataTypes2006-07-15	decimal_totalDigits003_39/decimal_totalDigits003_39	fail	
CType	derivationmethod00101m2/Negative	fail	
ElemDecl	disallowedsubst00101m/disallowedSubst00101m	unsupported	
ElemDecl	disallowedsubst00101m/disallowedSubst00101m1_n	unsupported	
ElemDecl	disallowedsubst00101m/disallowedSubst00101m1_p	unsupported	
ElemDecl	disallowedsubst00102m1/Positive	unsupported	
ElemDecl	disallowedsubst00102m1/disallowedSubst00102m1	unsupported	
ElemDecl	disallowedsubst00102m2/Negative	unsupported	
ElemDecl	disallowedsubst00102m2/disallowedSubst00102m2	unsupported	
ElemDecl	disallowedsubst00105m/disallowedSubst00105m	unsupported	
ElemDecl	disallowedsubst00105m/disallowedSubst00105m1_n	unsupported	
ElemDecl	disallowedsubst00105m/disallowedSubst00105m1_p	unsupported	
ElemDecl	disallowedsubst00106m1/Positive	unsupported	
ElemDecl	disallowedsubst00106m1/disallowedSubst00106m1	unsupported	
ElemDecl	disallowedsubst00106m2/Negative	unsupported	
ElemDecl	disallowedsubst00106m2/disallowedSubst00106m2	unsupported	
ElemDecl	disallowedsubst00202m1/disallowedSubst00202m1	unsupported	
ElemDecl	disallowedsubst00202m10/disallowedSubst00202m10	unsupported	
ElemDecl	disallowedsubst00202m11/disallowedSubst00202m11	unsupported	
ElemDecl	disallowedsubst00202m12/Positive	unsupported	
ElemDecl	disallowedsubst00202m12/disallowedSubst00202m12	unsupported	
ElemDecl	disallowedsubst00202m2/disallowedSubst00202m2	unsupported	
ElemDecl	disallowedsubst00202m3/disallowedSubst00202m3	unsupported	
ElemDecl	disallowedsubst00202m4/disallowedSubst00202m4	unsupported	
ElemDecl	disallowedsubst00202m5/disallowedSubst00202m5	unsupported	
ElemDecl	disallowedsubst00202m6/disallowedSubst00202m6	unsupported	
ElemDecl	disallowedsubst00202m7/disallowedSubst00202m7	unsupported	
ElemDecl	disallowedsubst00202m8/disallowedSubst00202m8	unsupported	
ElemDecl	disallowedsubst00202m9/disallowedSubst00202m9	unsupported	
ElemDecl	disallowedsubst00301m1/Positive	unsupported	
ElemDecl	disallowedsubst00301m1/disallowedSubst00301m1	unsupported	
ElemDecl	disallowedsubst00301m2/Negative	unsupported	
ElemDecl	disallowedsubst00301m2/disallowedSubst00301m2	unsupported	
ElemDecl	disallowedsubst00401m1/Positive	unsupported	
ElemDecl	disallowedsubst00401m1/disallowedSubst00401m1	unsupported	
ElemDecl	disallowedsubst00401m2/Negative	unsupported	
ElemDecl	disallowedsubst00401m2/disallowedSubst00401m2	unsupported	
ElemDecl	disallowedsubst00501m1/Positive	unsupported	
ElemDecl	disallowedsubst00501m1/disallowedSubst00501m1	unsupported	
ElemDecl	disallowedsubst00501m2/Negative	unsupported	
ElemDecl	disallowedsubst00501m2/disallowedSubst00501m2	unsupported	
ElemDecl	disallowedsubst00502m1/Positive	unsupported	
ElemDecl	disallowedsubst00502m1/disallowedSubst00502m1	unsupported	
ElemDecl	disallowedsubst00502m2/Positive	unsupported	
ElemDecl	disallowedsubst00502m2/disallowedSubst00502m2	unsupported	
ElemDecl	disallowedsubst00502m3/Negative	unsupported	
ElemDecl	disallowedsubst00502m3/disallowedSubst00502m3	unsupported	
ElemDecl	disallowedsubst00502m4/Negative	unsupported	
ElemDecl	disallowedsubst00502m4/disallowedSubst00502m4	unsupported	
ElemDecl	disallowedsubst00503m1/Positive	unsupported	
ElemDecl	disallowedsubst00503m1/disallowedSubst00503m1	unsupported	
ElemDecl	disallowedsubst00503m2/Positive	unsupported	
ElemDecl	disallowedsubst00503m2/disallowedSubst00503m2	unsupported	
ElemDecl	disallowedsubst00503m3/Negative	unsupported	
ElemDecl	disallowedsubst00503m3/disallowedSubst00503m3	unsupported	
ElemDecl	disallowedsubst00503m4/Negative	unsupported	
ElemDecl	disallowedsubst00503m4/disallowedSubst00503m4	unsupported	
ElemDecl	disallowedsubst00503m5/Negative	unsupported	
ElemDecl	disallowedsubst00503m5/disallowedSubst00503m5	unsupported	
MS-DataTypes2006-07-15	double018_1956/double018_1956.i	fail	
MS-DataTypes2006-07-15	double_maxInclusive003_71/double_maxInclusive003_71	fail	
MS-DataTypes2006-07-15	double_minExclusive003_79/double_minExclusive003_79	fail	
MS-DataTypes2006-07-15	double_minInclusive003_76/double_minInclusive003_76	fail	
MS-DataTypes2006-07-15	duration028_1996/duration028_1996.i	fail	
MS-DataTypes2006-07-15	duration029_1997/duration029_1997.i	fail	
MS-DataTypes2006-07-15	duration030_1998/duration030_1998.i	fail	
MS-DataTypes2006-07-15	duration_maxInclusive003_87/duration_maxInclusive003_87	fail	
MS-DataTypes2006-07-15	duration_minExclusive003_96/duration_minExclusive003_96	fail	
MS-DataTypes2006-07-15	duration_minInclusive003_92/duration_minInclusive003_92	fail	
MS-Element2006-07-15	elemA006/elemA006	fail	
MS-Element2006-07-15	elemA009/elemA009	fail	
MS-Element2006-07-15	elemA010/elemA010	fail	
MS-Element2006-07-15	elemA011/elemA011	fail	
MS-Element2006-07-15	elemA012/elemA012	fail	
MS-Element2006-07-15	elemA013/elemA013	fail	
MS-Element2006-07-15	elemA014/elemA014	fail	
MS-Element2006-07-15	elemB001/elemB001	unsupported	
MS-Element2006-07-15	elemB002/elemB002	unsupported	
MS-Element2006-07-15	elemB003/elemB003	unsupported	
MS-Element2006-07-15	elemB004/elemB004	unsupported	
MS-Element2006-07-15	elemB005/elemB005	unsupported	
MS-Element2006-07-15	elemB006/elemB006	unsupported	
MS-Element2006-07-15	elemB007/elemB007	unsupported	
MS-Element2006-07-15	elemB008/elemB008	unsupported	
MS-Element2006-07-15	elemB009/elemB009	unsupported	
MS-Element2006-07-15	elemB010/elemB010	unsupported	
MS-Element2006-07-15	elemC001/elemC001	unsupported	
MS-Element2006-07-15	elemC002/elemC002	unsupported	
MS-Element2006-07-15	elemC003/elemC003	unsupported	
MS-Element2006-07-15	elemC004/elemC004	unsupported	
MS-Element2006-07-15	elemC005/elemC005	unsupported	
MS-Element2006-07-15	elemC006/elemC006	unsupported	
MS-Element2006-07-15	elemC007/elemC007	unsupported	
MS-Element2006-07-15	elemC008/elemC008	unsupported	
MS-Element2006-07-15	elemC009/elemC009	unsupported	
MS-Element2006-07-15	elemC010/elemC010	unsupported	
MS-Element2006-07-15	elemC011/elemC011	unsupported	
MS-Element2006-07-15	elemC012/elemC012	unsupported	
MS-Element2006-07-15	elemC013/elemC013	unsupported	
MS-Element2006-07-15	elemC014/elemC014	unsupported	
MS-Element2006-07-15	elemC015/elemC015	unsupported	
MS-Element2006-07-15	elemC016/elemC016	unsupported	
MS-Element2006-07-15	elemC017/elemC017	unsupported	
MS-Element2006-07-15	elemC018/elemC018	unsupported	
MS-Element2006-07-15	elemC020/elemC020	unsupported	
MS-Element2006-07-15	elemD001/elemD001	unsupported	
MS-Element2006-07-15	elemD002/elemD002	unsupported	
MS-Element2006-07-15	elemD003/elemD003	unsupported	
MS-Element2006-07-15	elemD004/elemD004	unsupported	
MS-Element2006-07-15	elemD005/elemD005	unsupported	
MS-Element2006-07-15	elemD006/elemD006	unsupported	
MS-Element2006-07-15	elemE001/elemE001	unsupported	
MS-Element2006-07-15	elemE002/elemE002	unsupported	
MS-Element2006-07-15	elemE003/elemE003	unsupported	
MS-Element2006-07-15	elemE004/elemE004	unsupported	
MS-Element2006-07-15	elemE005/elemE005	unsupported	
MS-Element2006-07-15	elemE006/elemE006	unsupported	
MS-Element2006-07-15	elemE007/elemE007	unsupported	
MS-Element2006-07-15	elemE008/elemE008	unsupported	
MS-Element2006-07-15	elemE009/elemE009	unsupported	
MS-Element2006-07-15	elemF001/elemF001	unsupported	
MS-Element2006-07-15	elemF002/elemF002	unsupported	
MS-Element2006-07-15	elemF003/elemF003	unsupported	
MS-Element2006-07-15	elemF004/elemF004	unsupported	
MS-Element2006-07-15	elemF005/elemF005	unsupported	
MS-Element2006-07-15	elemF006/elemF006	unsupported	
MS-Element2006-07-15	elemF007/elemF007	unsupported	
MS-Element2006-07-15	elemF008/elemF008	unsupported	
MS-Element2006-07-15	elemF009/elemF009	unsupported	
MS-Element2006-07-15	elemF010/elemF010	unsupported	
MS-Element2006-07-15	elemF011/elemF011	unsupported	
MS-Element2006-07-15	elemF012/elemF012	unsupported	
MS-Element2006-07-15	elemF013/elemF013	unsupported	
MS-Element2006-07-15	elemF014/elemF014	unsupported	
MS-Element2006-07-15	elemF015/elemF015	unsupported	
MS-Element2006-07-15	elemF016/elemF016	unsupported	
MS-Element2006-07-15	elemF017/elemF017	unsupported	
MS-Element2006-07-15	elemF018/elemF018	unsupported	
MS-Element2006-07-15	elemG003/elemG003	fail	
MS-Element2006-07-15	elemG004/elemG004	fail	
MS-Element2006-07-15	elemH003/elemH003	fail	
MS-Element2006-07-15	elemH004/elemH004	fail	
MS-Element2006-07-15	elemH005/elemH005	fail	
MS-Element2006-07-15	elemH006/elemH006	fail	
MS-Element2006-07-15	elemJ006/elemJ006	fail	
MS-Element2006-07-15	elemJ007/elemJ007	fail	
MS-Element2006-07-15	elemJ008/elemJ008	fail	
MS-Element2006-07-15	elemJ012/elemJ012	fail	
MS-Element2006-07-15	elemJ014/elemJ014	fail	
MS-Element2006-07-15	elemJ015/elemJ015	fail	
MS-Element2006-07-15	elemJ016/elemJ016	fail	
MS-Element2006-07-15	elemJ019/elemJ019	fail	
MS-Element2006-07-15	elemJ020/elemJ020	fail	
MS-Element2006-07-15	elemK003/elemK003	fail	
MS-Element2006-07-15	elemK004/elemK004	fail	
MS-Element2006-07-15	elemK005/elemK005	fail	
MS-Element2006-07-15	elemK006/elemK006	fail	
MS-Element2006-07-15	elemK007/elemK007	fail	
MS-Element2006-07-15	elemL002/elemL002	fail	
MS-Element2006-07-15	elemM002/elemM002	unsupported	
MS-Element2006-07-15	elemM003/elemM003	fail	
MS-Element2006-07-15	elemM005/elemM005	unsupported	
MS-Element2006-07-15	elemN006/elemN006	fail	
MS-Element2006-07-15	elemO001/elemO001	unsupported	
MS-Element2006-07-15	elemO001/elemO001.i	unsupported	
MS-Element2006-07-15	elemO011/elemO011.i	fail	
MS-Element2006-07-15	elemP001/elemP001	unsupported	
MS-Element2006-07-15	elemP002/elemP002	unsupported	
MS-Element2006-07-15	elemP007/elemP007	fail	
MS-Element2006-07-15	elemP008/elemP008	fail	
MS-Element2006-07-15	elemP009/elemP009	fail	
MS-Element2006-07-15	elemQ019/elemQ019.v	fail	must be the fixed value `Hello`, not ``
MS-Element2006-07-15	elemQ020/elemQ020	unsupported	
MS-Element2006-07-15	elemQ020/elemQ020.v	unsupported	
MS-Element2006-07-15	elemQ021/elemQ021	unsupported	
MS-Element2006-07-15	elemQ021/elemQ021.v	unsupported	
MS-Element2006-07-15	elemQ022/elemQ022	unsupported	
MS-Element2006-07-15	elemQ022/elemQ022.v	unsupported	
MS-Element2006-07-15	elemR001/elemR001	unsupported	
MS-Element2006-07-15	elemR001/elemR001.v	unsupported	
MS-Element2006-07-15	elemR002/elemR002	unsupported	
MS-Element2006-07-15	elemR002/elemR002.v	unsupported	
MS-Element2006-07-15	elemR003/elemR003	unsupported	
MS-Element2006-07-15	elemR004/elemR004	unsupported	
MS-Element2006-07-15	elemR004/elemR004.v	unsupported	
MS-Element2006-07-15	elemR005/elemR005	unsupported	
MS-Element2006-07-15	elemR005/elemR005.v	unsupported	
MS-Element2006-07-15	elemR006/elemR006	unsupported	
MS-Element2006-07-15	elemS001/elemS001	unsupported	
MS-Element2006-07-15	elemS002/elemS002	unsupported	
MS-Element2006-07-15	elemS002/elemS002.v	unsupported	
MS-Element2006-07-15	elemS003/elemS003	unsupported	
MS-Element2006-07-15	elemS003/elemS003.v	unsupported	
MS-Element2006-07-15	elemS004/elemS004	unsupported	
MS-Element2006-07-15	elemS005/elemS005	unsupported	
MS-Element2006-07-15	elemS006/elemS006	unsupported	
MS-Element2006-07-15	elemS007/elemS007	unsupported	
MS-Element2006-07-15	elemS007/elemS007.v	unsupported	
MS-Element2006-07-15	elemS008/elemS008	unsupported	
MS-Element2006-07-15	elemS008/elemS008.v	unsupported	
MS-Element2006-07-15	elemT001/elemT001	unsupported	
MS-Element2006-07-15	elemT001/elemT001.i	unsupported	
MS-Element2006-07-15	elemT002/elemT002	unsupported	
MS-Element2006-07-15	elemT002/elemT002.v	unsupported	
MS-Element2006-07-15	elemT003/elemT003	unsupported	
MS-Element2006-07-15	elemT003/elemT003.v	unsupported	
MS-Element2006-07-15	elemT004/elemT004	unsupported	
MS-Element2006-07-15	elemT004/elemT004.i	unsupported	
MS-Element2006-07-15	elemT005/elemT005	unsupported	
MS-Element2006-07-15	elemT005/elemT005.i	unsupported	
MS-Element2006-07-15	elemT006/elemT006	unsupported	
MS-Element2006-07-15	elemT006/elemT006.i	unsupported	
MS-Element2006-07-15	elemT007/elemT007	unsupported	
MS-Element2006-07-15	elemT007/elemT007.v	unsupported	
MS-Element2006-07-15	elemT008/elemT008	unsupported	
MS-Element2006-07-15	elemT008/elemT008.v	unsupported	
MS-Element2006-07-15	elemT009/elemT009	unsupported	
MS-Element2006-07-15	elemT010/elemT010	unsupported	
MS-Element2006-07-15	elemT011/elemT011.i	fail	
MS-Element2006-07-15	elemT012/elemT012	unsupported	
MS-Element2006-07-15	elemT012/elemT012.i	unsupported	
MS-Element2006-07-15	elemT013/elemT013.i	fail	
MS-Element2006-07-15	elemT014/elemT014	unsupported	
MS-Element2006-07-15	elemT014/elemT014.v	unsupported	
MS-Element2006-07-15	elemT015/elemT015	unsupported	
MS-Element2006-07-15	elemT015/elemT015.v	unsupported	
MS-Element2006-07-15	elemT016/elemT016	unsupported	
MS-Element2006-07-15	elemT016/elemT016.v	unsupported	
MS-Element2006-07-15	elemT017/elemT017	unsupported	
MS-Element2006-07-15	elemT017/elemT017.i	unsupported	
MS-Element2006-07-15	elemT018/elemT018	unsupported	
MS-Element2006-07-15	elemT018/elemT018.i	unsupported	
MS-Element2006-07-15	elemT019/elemT019	unsupported	
MS-Element2006-07-15	elemT019/elemT019.i	unsupported	
MS-Element2006-07-15	elemT020/elemT020	unsupported	
MS-Element2006-07-15	elemT020/elemT020.i	unsupported	
MS-Element2006-07-15	elemT021/elemT021	unsupported	
MS-Element2006-07-15	elemT021/elemT021.i	unsupported	
MS-Element2006-07-15	elemT022/elemT022	unsupported	
MS-Element2006-07-15	elemT022/elemT022.i	unsupported	
MS-Element2006-07-15	elemT023/elemT023	unsupported	
MS-Element2006-07-15	elemT023/elemT023.i	unsupported	
MS-Element2006-07-15	elemT024/elemT024	unsupported	
MS-Element2006-07-15	elemT024/elemT024.i	unsupported	
MS-Element2006-07-15	elemT025/elemT025	unsupported	
MS-Element2006-07-15	elemT025/elemT025.v	unsupported	
MS-Element2006-07-15	elemT026/elemT026	unsupported	
MS-Element2006-07-15	elemT026/elemT026.v	unsupported	
MS-Element2006-07-15	elemT027/elemT027	unsupported	
MS-Element2006-07-15	elemT027/elemT027.v	unsupported	
MS-Element2006-07-15	elemT028/elemT028	unsupported	
MS-Element2006-07-15	elemT028/elemT028.v	unsupported	
MS-Element2006-07-15	elemT029/elemT029	unsupported	
MS-Element2006-07-15	elemT029/elemT029.v	unsupported	
MS-Element2006-07-15	elemT030/elemT030	unsupported	
MS-Element2006-07-15	elemT030/elemT030.v	unsupported	
MS-Element2006-07-15	elemT031/elemT031	unsupported	
MS-Element2006-07-15	elemT031/elemT031.i	unsupported	
MS-Element2006-07-15	elemT032/elemT032	unsupported	
MS-Element2006-07-15	elemT032/elemT032.v	unsupported	
MS-Element2006-07-15	elemT033/elemT033	unsupported	
MS-Element2006-07-15	elemT033/elemT033.i	unsupported	
MS-Element2006-07-15	elemT034/elemT034	unsupported	
MS-Element2006-07-15	elemT034/elemT034.i	unsupported	
MS-Element2006-07-15	elemT035/elemT035	unsupported	
MS-Element2006-07-15	elemT035/elemT035.i	unsupported	
MS-Element2006-07-15	elemT036/elemT036	unsupported	
MS-Element2006-07-15	elemT036/elemT036.i	unsupported	
MS-Element2006-07-15	elemT037/elemT037	unsupported	
MS-Element2006-07-15	elemT037/elemT037.i	unsupported	
MS-Element2006-07-15	elemT038/elemT038	unsupported	
MS-Element2006-07-15	elemT038/elemT038.v	unsupported	
MS-Element2006-07-15	elemT039/elemT039	unsupported	
MS-Element2006-07-15	elemT039/elemT039.i	unsupported	
MS-Element2006-07-15	elemT040/elemT040	unsupported	
MS-Element2006-07-15	elemT040/elemT040.v	unsupported	
MS-Element2006-07-15	elemT041/elemT041	unsupported	
MS-Element2006-07-15	elemT041/elemT041.v	unsupported	
MS-Element2006-07-15	elemT042/elemT042	unsupported	
MS-Element2006-07-15	elemT042/elemT042.v	unsupported	
MS-Element2006-07-15	elemT043/elemT043	unsupported	
MS-Element2006-07-15	elemT043/elemT043.v	unsupported	
MS-Element2006-07-15	elemT044/elemT044	unsupported	
MS-Element2006-07-15	elemT044/elemT044.v	unsupported	
MS-Element2006-07-15	elemT045/elemT045	unsupported	
MS-Element2006-07-15	elemT045/elemT045.i	unsupported	
MS-Element2006-07-15	elemT046/elemT046	unsupported	
MS-Element2006-07-15	elemT046/elemT046.i	unsupported	
MS-Element2006-07-15	elemT047/elemT047	unsupported	
MS-Element2006-07-15	elemT047/elemT047.i	unsupported	
MS-Element2006-07-15	elemT048/elemT048	unsupported	
MS-Element2006-07-15	elemT048/elemT048.i	unsupported	
MS-Element2006-07-15	elemT049/elemT049	unsupported	
MS-Element2006-07-15	elemT049/elemT049.i	unsupported	
MS-Element2006-07-15	elemT050/elemT050	unsupported	
MS-Element2006-07-15	elemT050/elemT050.i	unsupported	
MS-Element2006-07-15	elemT051/elemT051	unsupported	
MS-Element2006-07-15	elemT051/elemT051.i	unsupported	
MS-Element2006-07-15	elemT052/elemT052	unsupported	
MS-Element2006-07-15	elemT052/elemT052.i	unsupported	
MS-Element2006-07-15	elemT053/elemT053	unsupported	
MS-Element2006-07-15	elemT053/elemT053.i	unsupported	
MS-Element2006-07-15	elemT054/elemT054	unsupported	
MS-Element2006-07-15	elemT054/elemT054.v	unsupported	
MS-Element2006-07-15	elemT055/elemT055	unsupported	
MS-Element2006-07-15	elemT055/elemT055.v	unsupported	
MS-Element2006-07-15	elemT056/elemT056	unsupported	
MS-Element2006-07-15	elemT056/elemT056.v	unsupported	
MS-Element2006-07-15	elemT057/elemT057	unsupported	
MS-Element2006-07-15	elemT057/elemT057.v	unsupported	
MS-Element2006-07-15	elemT058/elemT058	unsupported	
MS-Element2006-07-15	elemT058/elemT058.v	unsupported	
MS-Element2006-07-15	elemT059/elemT059	unsupported	
MS-Element2006-07-15	elemT059/elemT059.i	unsupported	
MS-Element2006-07-15	elemT060/elemT060	unsupported	
MS-Element2006-07-15	elemT060/elemT060.i	unsupported	
MS-Element2006-07-15	elemT061/elemT061	unsupported	
MS-Element2006-07-15	elemT061/elemT061.i	unsupported	
MS-Element2006-07-15	elemT062/elemT062	unsupported	
MS-Element2006-07-15	elemT062/elemT062.v	unsupported	
MS-Element2006-07-15	elemT063/elemT063	unsupported	
MS-Element2006-07-15	elemT063/elemT063.i	unsupported	
MS-Element2006-07-15	elemT064/elemT064	unsupported	
MS-Element2006-07-15	elemT064/elemT064.v	unsupported	
MS-Element2006-07-15	elemT065/elemT065	unsupported	
MS-Element2006-07-15	elemT065/elemT065.i	unsupported	
MS-Element2006-07-15	elemT066/elemT066	unsupported	
MS-Element2006-07-15	elemT066/elemT066.v	unsupported	
MS-Element2006-07-15	elemT067/elemT067	unsupported	
MS-Element2006-07-15	elemT067/elemT067.v	unsupported	
MS-Element2006-07-15	elemT068/elemT068	unsupported	
MS-Element2006-07-15	elemT068/elemT068.i	unsupported	
MS-Element2006-07-15	elemT069/elemT069	unsupported	
MS-Element2006-07-15	elemT069/elemT069.i	unsupported	
MS-Element2006-07-15	elemT070/elemT070	unsupported	
MS-Element2006-07-15	elemT070/elemT070.i	unsupported	
MS-Element2006-07-15	elemT073/elemT073	unsupported	
MS-Element2006-07-15	elemT073/elemT073.v	unsupported	
MS-Element2006-07-15	elemT074/elemT074	unsupported	
MS-Element2006-07-15	elemT074/elemT074.i	unsupported	
MS-Element2006-07-15	elemU006/elemU006	unsupported	
MS-Element2006-07-15	elemU006/elemU006.v	unsupported	
MS-Element2006-07-15	elemU007/elemU007	unsupported	
MS-Element2006-07-15	elemU007/elemU007.v	unsupported	
MS-Element2006-07-15	elemZ003/elemZ003	unsupported	
MS-Element2006-07-15	elemZ003/elemZ003.v	unsupported	
MS-Element2006-07-15	elemZ006/elemZ006	unsupported	
MS-Element2006-07-15	elemZ008/elemZ008	unsupported	
MS-Element2006-07-15	elemZ009/elemZ009	unsupported	
MS-Element2006-07-15	elemZ009/elemZ009.v	unsupported	
MS-Element2006-07-15	elemZ010/elemZ010	unsupported	
MS-Element2006-07-15	elemZ010/elemZ010.v	unsupported	
MS-Element2006-07-15	elemZ011/elemZ011	unsupported	
MS-Element2006-07-15	elemZ012/elemZ012	unsupported	
MS-Element2006-07-15	elemZ014/elemZ014.v	fail	this element must contain text, not child elements
MS-Element2006-07-15	elemZ015/elemZ015	unsupported	
MS-Element2006-07-15	elemZ015/elemZ015.i	unsupported	
MS-Element2006-07-15	elemZ016/elemZ016.i	fail	
MS-Element2006-07-15	elemZ017/elemZ017.v	blocked	
MS-Element2006-07-15	elemZ020/elemZ020	unsupported	
MS-Element2006-07-15	elemZ020/elemZ020.v	unsupported	
MS-Element2006-07-15	elemZ021a/elemZ021a	unsupported	
MS-Element2006-07-15	elemZ021a/elemZ021a.v	unsupported	
MS-Element2006-07-15	elemZ021b/elemZ021b	unsupported	
MS-Element2006-07-15	elemZ021b/elemZ021b.i	unsupported	
MS-Element2006-07-15	elemZ021c/elemZ021c	unsupported	
MS-Element2006-07-15	elemZ021c/elemZ021c.v	unsupported	
MS-Element2006-07-15	elemZ021d/elemZ021d	unsupported	
MS-Element2006-07-15	elemZ021d/elemZ021d.v	unsupported	
MS-Element2006-07-15	elemZ022a/elemZ022a	unsupported	
MS-Element2006-07-15	elemZ022a/elemZ022a.i	unsupported	
MS-Element2006-07-15	elemZ022b/elemZ022b	unsupported	
MS-Element2006-07-15	elemZ022b/elemZ022b.v	unsupported	
MS-Element2006-07-15	elemZ023/elemZ023	unsupported	
MS-Element2006-07-15	elemZ023/elemZ023.i	unsupported	
MS-Element2006-07-15	elemZ025/elemZ025	unsupported	
MS-Element2006-07-15	elemZ026/elemZ026	unsupported	
MS-Element2006-07-15	elemZ027_a/elemZ027_a	unsupported	
MS-Element2006-07-15	elemZ027_b/elemZ027_b	unsupported	
MS-Element2006-07-15	elemZ027_c/elemZ027_c	unsupported	
MS-Element2006-07-15	elemZ027_e/elemZ027_e	unsupported	
MS-Element2006-07-15	elemZ027_f/elemZ027_f	unsupported	
MS-Element2006-07-15	elemZ028a/elemZ028a	unsupported	
MS-Element2006-07-15	elemZ028b/elemZ028b	unsupported	
MS-Element2006-07-15	elemZ028c/elemZ028c	unsupported	
MS-Element2006-07-15	elemZ028d/elemZ028d	unsupported	
MS-Element2006-07-15	elemZ028e/elemZ028e	unsupported	
MS-Element2006-07-15	elemZ028f1/elemZ028f1	unsupported	
MS-Element2006-07-15	elemZ028f1/elemZ028f1.v	unsupported	
MS-Element2006-07-15	elemZ028f2/elemZ028f2	unsupported	
MS-Element2006-07-15	elemZ028f2/elemZ028f2.v	unsupported	
MS-Element2006-07-15	elemZ028f3/elemZ028f3	unsupported	
MS-Element2006-07-15	elemZ028f3/elemZ028f3.v	unsupported	
MS-Element2006-07-15	elemZ029/elemZ029	unsupported	
MS-Element2006-07-15	elemZ029/elemZ029.v	unsupported	
MS-Element2006-07-15	elemZ031/elemZ031	unsupported	
MS-Element2006-07-15	elemZ032a/elemZ032a	unsupported	
MS-Element2006-07-15	elemZ032b/elemZ032b	unsupported	
MS-Element2006-07-15	elemZ033b/elemZ033b.v	blocked	
MS-Errata102006-07-15	errA001/errA001	unsupported	
MS-Errata102006-07-15	errA001/errA001.v	unsupported	
MS-Errata102006-07-15	errA002/errA002	unsupported	
MS-Errata102006-07-15	errA002/errA002.i	unsupported	
MS-Errata102006-07-15	errC004/errC004	unsupported	
MS-Errata102006-07-15	errC005/errC005	unsupported	
MS-Errata102006-07-15	errC006/errC006	unsupported	
MS-Errata102006-07-15	errC007/errC007.v	fail	this element must contain text, not child elements
MS-Errata102006-07-15	errC008/errC008	fail	
MS-Errata102006-07-15	errC009/errC009	fail	
MS-Errata102006-07-15	errF001/errF001.i	fail	
IdConstrDefs	fields00201m2/Negative	fail	
IdConstrDefs	fields00202m3/Positive	fail	`UNIQUENESS` requires distinct values, and (3.0) appears more than once
IdConstrDefs	fields00203m2/Negative	fail	
CType	final00101m2/final00101m2	unsupported	
CType	final00101m3/Negative	unsupported	
CType	final00101m3/Positive	unsupported	
CType	final00101m3/final00101m3	unsupported	
CType	final00101m6/final00101m6	unsupported	
MS-DataTypes2006-07-15	float018_1917/float018_1917.i	fail	
MS-DataTypes2006-07-15	float_maxInclusive003_57/float_maxInclusive003_57	fail	
MS-DataTypes2006-07-15	float_minExclusive003_65/float_minExclusive003_65	fail	
MS-DataTypes2006-07-15	float_minInclusive003_62/float_minInclusive003_62	fail	
MS-DataTypes2006-07-15	gDay_maxInclusive003_192/gDay_maxInclusive003_192	fail	
MS-DataTypes2006-07-15	gDay_minExclusive003_200/gDay_minExclusive003_200	fail	
MS-DataTypes2006-07-15	gDay_minInclusive003_197/gDay_minInclusive003_197	fail	
MS-DataTypes2006-07-15	gMonthDay006_2054/gMonthDay006_2054.i	fail	
MS-DataTypes2006-07-15	gMonthDay_maxInclusive003_178/gMonthDay_maxInclusive003_178	fail	
MS-DataTypes2006-07-15	gMonthDay_minExclusive003_186/gMonthDay_minExclusive003_186	fail	
MS-DataTypes2006-07-15	gMonthDay_minInclusive003_183/gMonthDay_minInclusive003_183	fail	
MS-DataTypes2006-07-15	gMonth_maxExclusive001_1282/gMonth_maxExclusive001_1282.i	fail	
MS-DataTypes2006-07-15	gMonth_maxExclusive002_1283/gMonth_maxExclusive002_1283.i	fail	
MS-DataTypes2006-07-15	gMonth_maxInclusive002_1280/gMonth_maxInclusive002_1280.i	fail	
MS-DataTypes2006-07-15	gMonth_maxInclusive003_206/gMonth_maxInclusive003_206	fail	
MS-DataTypes2006-07-15	gMonth_minExclusive001_1290/gMonth_minExclusive001_1290.i	fail	
MS-DataTypes2006-07-15	gMonth_minExclusive002_1291/gMonth_minExclusive002_1291.i	fail	
MS-DataTypes2006-07-15	gMonth_minExclusive003_214/gMonth_minExclusive003_214	fail	
MS-DataTypes2006-07-15	gMonth_minInclusive002_1286/gMonth_minInclusive002_1286.i	fail	
MS-DataTypes2006-07-15	gMonth_minInclusive003_211/gMonth_minInclusive003_211	fail	
MS-DataTypes2006-07-15	gYearMonth_maxInclusive003_150/gYearMonth_maxInclusive003_150	fail	
MS-DataTypes2006-07-15	gYearMonth_minExclusive003_158/gYearMonth_minExclusive003_158	fail	
MS-DataTypes2006-07-15	gYearMonth_minInclusive003_155/gYearMonth_minInclusive003_155	fail	
MS-DataTypes2006-07-15	gYear_maxInclusive003_164/gYear_maxInclusive003_164	fail	
MS-DataTypes2006-07-15	gYear_minExclusive003_172/gYear_minExclusive003_172	fail	
MS-DataTypes2006-07-15	gYear_minInclusive003_169/gYear_minInclusive003_169	fail	
MS-Group2006-07-15	groupA006/groupA006	unsupported	
MS-Group2006-07-15	groupA008/groupA008	fail	
MS-Group2006-07-15	groupA010/groupA010	fail	
MS-Group2006-07-15	groupA012/groupA012	fail	
MS-Group2006-07-15	groupB001/groupB001	fail	
MS-Group2006-07-15	groupB003v/groupB003v	fail	this content model is not a valid restriction of `complexType`
MS-Group2006-07-15	groupB003v/groupB003v.v	blocked	
MS-Group2006-07-15	groupB004v/groupB004v	unsupported	
MS-Group2006-07-15	groupB004v/groupB004v.v	unsupported	
MS-Group2006-07-15	groupB007/groupB007	unsupported	
MS-Group2006-07-15	groupB008/groupB008	fail	
MS-Group2006-07-15	groupB009v/groupB009v.v	fail	unexpected element `a`; this content model allows r1 in that order
MS-Group2006-07-15	groupB010v/groupB010v.v	fail	unexpected element `a`; this content model allows r1 in that order
MS-Group2006-07-15	groupB011/groupB011	fail	
MS-Group2006-07-15	groupB012/groupB012	fail	
MS-Group2006-07-15	groupB013/groupB013	fail	
MS-Group2006-07-15	groupB014/groupB014	fail	
MS-Group2006-07-15	groupB015/groupB015	fail	
MS-Group2006-07-15	groupB016/groupB016	unsupported	
MS-Group2006-07-15	groupB017/groupB017	unsupported	
MS-Group2006-07-15	groupB018/groupB018	unsupported	
MS-Group2006-07-15	groupC001/groupC001	fail	
MS-Group2006-07-15	groupC002/groupC002	fail	
MS-Group2006-07-15	groupC003/groupC003	unsupported	
MS-Group2006-07-15	groupC004/groupC004	fail	
MS-Group2006-07-15	groupC005/groupC005	unsupported	
MS-Group2006-07-15	groupC006/groupC006	fail	
MS-Group2006-07-15	groupC007/groupC007	fail	
MS-Group2006-07-15	groupC008/groupC008	fail	
MS-Group2006-07-15	groupC009/groupC009	fail	
MS-Group2006-07-15	groupC010/groupC010	fail	
MS-Group2006-07-15	groupC012/groupC012	fail	
MS-Group2006-07-15	groupD001/groupD001	fail	
MS-Group2006-07-15	groupD002/groupD002	unsupported	
MS-Group2006-07-15	groupD003/groupD003	fail	
MS-Group2006-07-15	groupD004/groupD004	unsupported	
MS-Group2006-07-15	groupE002/groupE002	fail	
MS-Group2006-07-15	groupE004v/groupE004v.v	fail	unexpected element `A2`; this content model allows x in that order
MS-Group2006-07-15	groupF002v/groupF002v.v	fail	unexpected element `A2`; this content model allows x in that order
MS-Group2006-07-15	groupF005v/groupF005v.v	fail	unexpected element `A1`; this content model allows x in that order
MS-Group2006-07-15	groupF009v/groupF009v.v	fail	unexpected element `A2`; this content model allows x in that order
MS-Group2006-07-15	groupF010v/groupF010v.i	fail	
MS-Group2006-07-15	groupF011v/groupF011v.v	fail	unexpected element `A2`; this content model allows x in that order
MS-Group2006-07-15	groupF013v/groupF013v.i	fail	
MS-Group2006-07-15	groupF014v/groupF014v.v	fail	unexpected element `A1`; this content model allows x in that order
MS-Group2006-07-15	groupF016v/groupF016v.i	fail	
MS-Group2006-07-15	groupF017v/groupF017v.v	fail	unexpected element `A1`; this content model allows x in that order
MS-Group2006-07-15	groupF018v/groupF018v.v	fail	unexpected element `A1`; this content model allows x in that order
MS-Group2006-07-15	groupF020/groupF020	fail	
MS-Group2006-07-15	groupF021v/groupF021v.v	fail	unexpected element `A1`; this content model allows x in that order
MS-Group2006-07-15	groupF022/groupF022	fail	
MS-Group2006-07-15	groupF023/groupF023	fail	
MS-Group2006-07-15	groupF024/groupF024	fail	
MS-Group2006-07-15	groupF025/groupF025	fail	
MS-Group2006-07-15	groupG002/groupG002	unsupported	
MS-Group2006-07-15	groupG003v/groupG003v	unsupported	
MS-Group2006-07-15	groupG003v/groupG003v.i	unsupported	
MS-Group2006-07-15	groupG004v/groupG004v	unsupported	
MS-Group2006-07-15	groupG004v/groupG004v.v	unsupported	
MS-Group2006-07-15	groupG005v/groupG005v	unsupported	
MS-Group2006-07-15	groupG005v/groupG005v.i	unsupported	
MS-Group2006-07-15	groupH001v/groupH001v	unsupported	
MS-Group2006-07-15	groupH001v/groupH001v.v	unsupported	
MS-Group2006-07-15	groupH002v/groupH002v	unsupported	
MS-Group2006-07-15	groupH002v/groupH002v.v	unsupported	
MS-Group2006-07-15	groupH003v/groupH003v	unsupported	
MS-Group2006-07-15	groupH003v/groupH003v.i	unsupported	
MS-Group2006-07-15	groupH004v/groupH004v	unsupported	
MS-Group2006-07-15	groupH004v/groupH004v.v	unsupported	
MS-Group2006-07-15	groupH005v/groupH005v	unsupported	
MS-Group2006-07-15	groupH005v/groupH005v.v	unsupported	
MS-Group2006-07-15	groupH006v/groupH006v	unsupported	
MS-Group2006-07-15	groupH006v/groupH006v.i	unsupported	
MS-Group2006-07-15	groupH007v/groupH007v	unsupported	
MS-Group2006-07-15	groupH008v/groupH008v	unsupported	
MS-Group2006-07-15	groupH008v/groupH008v.i	unsupported	
MS-Group2006-07-15	groupH009v/groupH009v	unsupported	
MS-Group2006-07-15	groupH009v/groupH009v.v	unsupported	
MS-Group2006-07-15	groupH010v/groupH010v	unsupported	
MS-Group2006-07-15	groupH010v/groupH010v.i	unsupported	
MS-Group2006-07-15	groupH011v/groupH011v	unsupported	
MS-Group2006-07-15	groupH011v/groupH011v.v	unsupported	
MS-Group2006-07-15	groupH012v/groupH012v	unsupported	
MS-Group2006-07-15	groupH012v/groupH012v.i	unsupported	
MS-Group2006-07-15	groupH013v/groupH013v	unsupported	
MS-Group2006-07-15	groupH013v/groupH013v.i	unsupported	
MS-Group2006-07-15	groupH015v/groupH015v.i	fail	
MS-Group2006-07-15	groupH016v/groupH016v.i	fail	
MS-Group2006-07-15	groupH019v/groupH019v.i	fail	
MS-Group2006-07-15	groupH022/groupH022	fail	
MS-Group2006-07-15	groupH023/groupH023	fail	
MS-Group2006-07-15	groupH024/groupH024	fail	
MS-Group2006-07-15	groupH025/groupH025	fail	
MS-Group2006-07-15	groupI002/groupI002	fail	
MS-Group2006-07-15	groupJ001v/groupJ001v.v	fail	expected `b1` exactly once, found 0
MS-Group2006-07-15	groupJ004v/groupJ004v.v	fail	expected `b1` exactly once, found 0
MS-Group2006-07-15	groupJ006v/groupJ006v.i	fail	
MS-Group2006-07-15	groupJ007v/groupJ007v.v	fail	expected `b1` exactly once, found 0
MS-Group2006-07-15	groupJ008v/groupJ008v.i	fail	
MS-Group2006-07-15	groupJ009v/groupJ009v.v	fail	expected `b1` exactly once, found 0
MS-Group2006-07-15	groupJ011v/groupJ011v.v	fail	expected `b1` exactly once, found 0
MS-Group2006-07-15	groupJ012v/groupJ012v.i	fail	
MS-Group2006-07-15	groupJ014v/groupJ014v.v	fail	expected `b2` exactly once, found 0
MS-Group2006-07-15	groupJ017v/groupJ017v.v	fail	expected `b1` exactly once, found 0
MS-Group2006-07-15	groupJ018v/groupJ018v.v	fail	expected `b1` exactly once, found 0
MS-Group2006-07-15	groupJ020/groupJ020	fail	
MS-Group2006-07-15	groupJ021v/groupJ021v.v	fail	unexpected element `b1`; this content model allows b1, b2 in that order
MS-Group2006-07-15	groupJ022/groupJ022	fail	
MS-Group2006-07-15	groupJ023/groupJ023	fail	
MS-Group2006-07-15	groupJ024/groupJ024	fail	
MS-Group2006-07-15	groupJ025/groupJ025	fail	
MS-Group2006-07-15	groupK002/groupK002	fail	
MS-Group2006-07-15	groupK003v/groupK003v.i	fail	
MS-Group2006-07-15	groupK005v/groupK005v.i	fail	
MS-Group2006-07-15	groupL003v/groupL003v.i	fail	
MS-Group2006-07-15	groupL006v/groupL006v.i	fail	
MS-Group2006-07-15	groupL007/groupL007	unsupported	
MS-Group2006-07-15	groupL007/groupL007.v	unsupported	
MS-Group2006-07-15	groupL010v/groupL010v.i	fail	
MS-Group2006-07-15	groupL012v/groupL012v.i	fail	
MS-Group2006-07-15	groupL013v/groupL013v.i	fail	
MS-Group2006-07-15	groupL015v/groupL015v.i	fail	
MS-Group2006-07-15	groupL016v/groupL016v.i	fail	
MS-Group2006-07-15	groupL019v/groupL019v.i	fail	
MS-Group2006-07-15	groupL020/groupL020	fail	
MS-Group2006-07-15	groupL022/groupL022	fail	
MS-Group2006-07-15	groupL023/groupL023	fail	
MS-Group2006-07-15	groupL024/groupL024	fail	
MS-Group2006-07-15	groupL025/groupL025	fail	
MS-Group2006-07-15	groupM002/groupM002	fail	
MS-Group2006-07-15	groupN001v/groupN001v.v	fail	expected `a1` exactly once, found 0
MS-Group2006-07-15	groupN003v/groupN003v.i	fail	
MS-Group2006-07-15	groupN004v/groupN004v.v	fail	expected `a1` exactly once, found 0
MS-Group2006-07-15	groupN007v/groupN007v	unsupported	
MS-Group2006-07-15	groupN007v/groupN007v.v	unsupported	
MS-Group2006-07-15	groupN008v/groupN008v.i	fail	
MS-Group2006-07-15	groupN009v/groupN009v.v	fail	expected `a1` exactly once, found 0
MS-Group2006-07-15	groupN016v/groupN016v.i	fail	
MS-Group2006-07-15	groupN019v/groupN019v.i	fail	
MS-Group2006-07-15	groupN020/groupN020	fail	
MS-Group2006-07-15	groupN022/groupN022	fail	
MS-Group2006-07-15	groupN023/groupN023	fail	
MS-Group2006-07-15	groupN024/groupN024	fail	
MS-Group2006-07-15	groupN025/groupN025	fail	
MS-Group2006-07-15	groupO007v/groupO007v.i	fail	
MS-Group2006-07-15	groupO010/groupO010	fail	
MS-Group2006-07-15	groupO011/groupO011	fail	
MS-Group2006-07-15	groupO013/groupO013	fail	
MS-Group2006-07-15	groupO015/groupO015	fail	
MS-Group2006-07-15	groupO016/groupO016	fail	
MS-Group2006-07-15	groupO017/groupO017	fail	
MS-Group2006-07-15	groupO018/groupO018	fail	
MS-Group2006-07-15	groupO019/groupO019	fail	
MS-Group2006-07-15	groupO020/groupO020	fail	
MS-Group2006-07-15	groupO021/groupO021	fail	
MS-Group2006-07-15	groupO022/groupO022	fail	
MS-Group2006-07-15	groupO024/groupO024	fail	
MS-Group2006-07-15	groupO025/groupO025	fail	
MS-Group2006-07-15	groupO026/groupO026	fail	
MS-Group2006-07-15	groupO027/groupO027	fail	
MS-DataTypes2006-07-15	hexBinary003_2069/hexBinary003_2069.v	fail	`ab cd` is not a valid hexBinary
MS-DataTypes2006-07-15	hexBinary_length002_1296/hexBinary_length002_1296.v	fail	`abcdefabcd` must be exactly 5 characters, not 10
MS-DataTypes2006-07-15	hexBinary_length006_220/hexBinary_length006_220	fail	
MS-DataTypes2006-07-15	hexBinary_length007_221/hexBinary_length007_221	fail	
MS-DataTypes2006-07-15	hexBinary_maxLength001_1302/hexBinary_maxLength001_1302.v	fail	`abcdef` must be at most 4 characters, not 6
MS-DataTypes2006-07-15	hexBinary_minLength004_1301/hexBinary_minLength004_1301.v	fail	`abcdef1234` must be at most 6 characters, not 10
MS-DataTypes2006-07-15	hexBinary_minLength006_227/hexBinary_minLength006_227	fail	
MS-IdentityConstraint2006-07-15	idA005/idA005	unsupported	
MS-IdentityConstraint2006-07-15	idA015/idA015	unsupported	
MS-IdentityConstraint2006-07-15	idA016/idA016	fail	
MS-IdentityConstraint2006-07-15	idA018/idA018	fail	
MS-IdentityConstraint2006-07-15	idA019/idA019	fail	
MS-IdentityConstraint2006-07-15	idA020/idA020	fail	
MS-IdentityConstraint2006-07-15	idA021/idA021	fail	
MS-IdentityConstraint2006-07-15	idA023/idA023	fail	
MS-IdentityConstraint2006-07-15	idA024/idA024	fail	
MS-IdentityConstraint2006-07-15	idA025/idA025	fail	
MS-IdentityConstraint2006-07-15	idA026/idA026	fail	
MS-IdentityConstraint2006-07-15	idA027/idA027	fail	
MS-IdentityConstraint2006-07-15	idA028/idA028	fail	
MS-IdentityConstraint2006-07-15	idA030/idA030	fail	
MS-IdentityConstraint2006-07-15	idA031/idA031	fail	
MS-IdentityConstraint2006-07-15	idA032/idA032	fail	
MS-IdentityConstraint2006-07-15	idA035/idA035	fail	
MS-IdentityConstraint2006-07-15	idA037/idA037	fail	
MS-IdentityConstraint2006-07-15	idA039/idA039	fail	
MS-IdentityConstraint2006-07-15	idA044/idA044	fail	
MS-IdentityConstraint2006-07-15	idA046/idA046	fail	
MS-IdentityConstraint2006-07-15	idA047/idA047	fail	
MS-IdentityConstraint2006-07-15	idA048/idA048	fail	
MS-IdentityConstraint2006-07-15	idA049/idA049	fail	
MS-IdentityConstraint2006-07-15	idA050/idA050	fail	
MS-IdentityConstraint2006-07-15	idA051/idA051	fail	
MS-IdentityConstraint2006-07-15	idA052/idA052	fail	
MS-IdentityConstraint2006-07-15	idA053/idA053	fail	
MS-IdentityConstraint2006-07-15	idA054/idA054	fail	
MS-IdentityConstraint2006-07-15	idA055/idA055	fail	
MS-IdentityConstraint2006-07-15	idA056/idA056	fail	
MS-IdentityConstraint2006-07-15	idA057/idA057	fail	
MS-IdentityConstraint2006-07-15	idA058/idA058	fail	
MS-IdentityConstraint2006-07-15	idA059/idA059	fail	
MS-IdentityConstraint2006-07-15	idA060/idA060	fail	
MS-IdentityConstraint2006-07-15	idB005/idB005	unsupported	
MS-IdentityConstraint2006-07-15	idB015/idB015	unsupported	
MS-IdentityConstraint2006-07-15	idB016/idB016	fail	
MS-IdentityConstraint2006-07-15	idB017/idB017	fail	
MS-IdentityConstraint2006-07-15	idB019/idB019	fail	
MS-IdentityConstraint2006-07-15	idB020/idB020	fail	
MS-IdentityConstraint2006-07-15	idB021/idB021	fail	
MS-IdentityConstraint2006-07-15	idB023/idB023	fail	
MS-IdentityConstraint2006-07-15	idB024/idB024	fail	
MS-IdentityConstraint2006-07-15	idB025/idB025	fail	
MS-IdentityConstraint2006-07-15	idB026/idB026	fail	
MS-IdentityConstraint2006-07-15	idB027/idB027	fail	
MS-IdentityConstraint2006-07-15	idB028/idB028	fail	
MS-IdentityConstraint2006-07-15	idB030/idB030	fail	
MS-IdentityConstraint2006-07-15	idB031/idB031	fail	
MS-IdentityConstraint2006-07-15	idB032/idB032	fail	
MS-IdentityConstraint2006-07-15	idB035/idB035	fail	
MS-IdentityConstraint2006-07-15	idB037/idB037	fail	
MS-IdentityConstraint2006-07-15	idB039/idB039	fail	
MS-IdentityConstraint2006-07-15	idB044/idB044	fail	
MS-IdentityConstraint2006-07-15	idB046/idB046	fail	
MS-IdentityConstraint2006-07-15	idB047/idB047	fail	
MS-IdentityConstraint2006-07-15	idB048/idB048	fail	
MS-IdentityConstraint2006-07-15	idB049/idB049	fail	
MS-IdentityConstraint2006-07-15	idB050/idB050	fail	
MS-IdentityConstraint2006-07-15	idB051/idB051	fail	
MS-IdentityConstraint2006-07-15	idB052/idB052	fail	
MS-IdentityConstraint2006-07-15	idB053/idB053	fail	
MS-IdentityConstraint2006-07-15	idB054/idB054	fail	
MS-IdentityConstraint2006-07-15	idB056/idB056	fail	
MS-IdentityConstraint2006-07-15	idB057/idB057	fail	
MS-IdentityConstraint2006-07-15	idB058/idB058	fail	
MS-IdentityConstraint2006-07-15	idB059/idB059	fail	
MS-IdentityConstraint2006-07-15	idB060/idB060	fail	
MS-IdentityConstraint2006-07-15	idC005/idC005	unsupported	
MS-IdentityConstraint2006-07-15	idC015/idC015	unsupported	
MS-IdentityConstraint2006-07-15	idC016/idC016	fail	
MS-IdentityConstraint2006-07-15	idC017/idC017	fail	
MS-IdentityConstraint2006-07-15	idC018/idC018	fail	
MS-IdentityConstraint2006-07-15	idC020/idC020	fail	
MS-IdentityConstraint2006-07-15	idC021/idC021	fail	
MS-IdentityConstraint2006-07-15	idC023/idC023	fail	
MS-IdentityConstraint2006-07-15	idC024/idC024	fail	
MS-IdentityConstraint2006-07-15	idC025/idC025	fail	
MS-IdentityConstraint2006-07-15	idC026/idC026	fail	
MS-IdentityConstraint2006-07-15	idC027/idC027	fail	
MS-IdentityConstraint2006-07-15	idC028/idC028	fail	
MS-IdentityConstraint2006-07-15	idC030/idC030	fail	
MS-IdentityConstraint2006-07-15	idC031/idC031	fail	
MS-IdentityConstraint2006-07-15	idC032/idC032	fail	
MS-IdentityConstraint2006-07-15	idC038/idC038	fail	
MS-IdentityConstraint2006-07-15	idC040/idC040	fail	
MS-IdentityConstraint2006-07-15	idC042/idC042	fail	
MS-IdentityConstraint2006-07-15	idC047/idC047	fail	
MS-IdentityConstraint2006-07-15	idC049/idC049	fail	
MS-IdentityConstraint2006-07-15	idC050/idC050	fail	
MS-IdentityConstraint2006-07-15	idC051/idC051	fail	
MS-IdentityConstraint2006-07-15	idC052/idC052	fail	
MS-IdentityConstraint2006-07-15	idC053/idC053	fail	
MS-IdentityConstraint2006-07-15	idC054/idC054	fail	
MS-IdentityConstraint2006-07-15	idC055/idC055	fail	
MS-IdentityConstraint2006-07-15	idC056/idC056	fail	
MS-IdentityConstraint2006-07-15	idC057/idC057	fail	
MS-IdentityConstraint2006-07-15	idC058/idC058	fail	
MS-IdentityConstraint2006-07-15	idC059/idC059	fail	
MS-IdentityConstraint2006-07-15	idC060/idC060	fail	
MS-IdentityConstraint2006-07-15	idC061/idC061	fail	
MS-IdentityConstraint2006-07-15	idC062/idC062	fail	
MS-IdentityConstraint2006-07-15	idC063/idC063	fail	
MS-IdentityConstraint2006-07-15	idD006/idD006	fail	
MS-IdentityConstraint2006-07-15	idD007/idD007	fail	
MS-IdentityConstraint2006-07-15	idD011/idD011	fail	
MS-IdentityConstraint2006-07-15	idD012/idD012	fail	
MS-IdentityConstraint2006-07-15	idD014/idD014	fail	
MS-IdentityConstraint2006-07-15	idD018/idD018	fail	
MS-IdentityConstraint2006-07-15	idD019/idD019	fail	
MS-IdentityConstraint2006-07-15	idD020/idD020	fail	
MS-IdentityConstraint2006-07-15	idD021/idD021	fail	
MS-IdentityConstraint2006-07-15	idD022/idD022	fail	
MS-IdentityConstraint2006-07-15	idD023/idD023	unsupported	
MS-IdentityConstraint2006-07-15	idD024/idD024	fail	
MS-IdentityConstraint2006-07-15	idD025/idD025	fail	
MS-IdentityConstraint2006-07-15	idD026/idD026	fail	
MS-IdentityConstraint2006-07-15	idD027/idD027	fail	
MS-IdentityConstraint2006-07-15	idD028/idD028	fail	
MS-IdentityConstraint2006-07-15	idD029/idD029	fail	
MS-IdentityConstraint2006-07-15	idD030/idD030	fail	
MS-IdentityConstraint2006-07-15	idD031/idD031	fail	
MS-IdentityConstraint2006-07-15	idD032/idD032	fail	
MS-IdentityConstraint2006-07-15	idD033/idD033	fail	
MS-IdentityConstraint2006-07-15	idE006/idE006	fail	
MS-IdentityConstraint2006-07-15	idE007/idE007	fail	
MS-IdentityConstraint2006-07-15	idE011/idE011	fail	
MS-IdentityConstraint2006-07-15	idE012/idE012	fail	
MS-IdentityConstraint2006-07-15	idE014/idE014	fail	
MS-IdentityConstraint2006-07-15	idE018/idE018	fail	
MS-IdentityConstraint2006-07-15	idE019/idE019	fail	
MS-IdentityConstraint2006-07-15	idE020/idE020	fail	
MS-IdentityConstraint2006-07-15	idE021/idE021	fail	
MS-IdentityConstraint2006-07-15	idE022/idE022	fail	
MS-IdentityConstraint2006-07-15	idE023/idE023	fail	
MS-IdentityConstraint2006-07-15	idE024/idE024	fail	
MS-IdentityConstraint2006-07-15	idE025/idE025	fail	
MS-IdentityConstraint2006-07-15	idE026/idE026	fail	
MS-IdentityConstraint2006-07-15	idE027/idE027	fail	
MS-IdentityConstraint2006-07-15	idE028/idE028	fail	
MS-IdentityConstraint2006-07-15	idE029/idE029	fail	
MS-IdentityConstraint2006-07-15	idE030/idE030	fail	
MS-IdentityConstraint2006-07-15	idE031/idE031	fail	
MS-IdentityConstraint2006-07-15	idE032/idE032	fail	
MS-IdentityConstraint2006-07-15	idE033/idE033	fail	
MS-IdentityConstraint2006-07-15	idF005/idF005.i	fail	
MS-IdentityConstraint2006-07-15	idF010/idF010.i	fail	
MS-IdentityConstraint2006-07-15	idF012/idF012.v	fail	`uuid` requires distinct values, and (1) appears more than once
MS-IdentityConstraint2006-07-15	idF013/idF013.v	fail	`uuid` requires distinct values, and (1) appears more than once
MS-IdentityConstraint2006-07-15	idF014/idF014.v	fail	`uuid` requires distinct values, and (1) appears more than once
MS-IdentityConstraint2006-07-15	idF016/idF016	unsupported	
MS-IdentityConstraint2006-07-15	idF016/idF016.i	unsupported	
MS-IdentityConstraint2006-07-15	idF017/idF017.i	fail	
MS-IdentityConstraint2006-07-15	idF025/idF025	unsupported	
MS-IdentityConstraint2006-07-15	idF025/idF025.v	unsupported	
MS-IdentityConstraint2006-07-15	idF026/idF026	unsupported	
MS-IdentityConstraint2006-07-15	idF026/idF026.v	unsupported	
MS-IdentityConstraint2006-07-15	idF030/idF030	unsupported	
MS-IdentityConstraint2006-07-15	idF030/idF030.v	unsupported	
MS-IdentityConstraint2006-07-15	idF031/idF031	unsupported	
MS-IdentityConstraint2006-07-15	idF031/idF031.v	unsupported	
MS-IdentityConstraint2006-07-15	idF034/idF034	unsupported	
MS-IdentityConstraint2006-07-15	idF034/idF034.v	unsupported	
MS-IdentityConstraint2006-07-15	idF036/idF036	unsupported	
MS-IdentityConstraint2006-07-15	idF036/idF036.v	unsupported	
MS-IdentityConstraint2006-07-15	idG005/idG005.i	fail	
MS-IdentityConstraint2006-07-15	idG006/idG006.i	fail	
MS-IdentityConstraint2006-07-15	idG011/idG011	unsupported	
MS-IdentityConstraint2006-07-15	idG011/idG011.i	unsupported	
MS-IdentityConstraint2006-07-15	idG012/idG012.i	fail	
MS-IdentityConstraint2006-07-15	idG019/idG019	unsupported	
MS-IdentityConstraint2006-07-15	idG019/idG019.v	unsupported	
MS-IdentityConstraint2006-07-15	idG020/idG020	unsupported	
MS-IdentityConstraint2006-07-15	idG020/idG020.i	unsupported	
MS-IdentityConstraint2006-07-15	idG024/idG024	unsupported	
MS-IdentityConstraint2006-07-15	idG024/idG024.v	unsupported	
MS-IdentityConstraint2006-07-15	idG025/idG025	unsupported	
MS-IdentityConstraint2006-07-15	idG025/idG025.i	unsupported	
MS-IdentityConstraint2006-07-15	idG028/idG028	unsupported	
MS-IdentityConstraint2006-07-15	idG028/idG028.v	unsupported	
MS-IdentityConstraint2006-07-15	idG030/idG030	unsupported	
MS-IdentityConstraint2006-07-15	idG030/idG030.v	unsupported	
MS-IdentityConstraint2006-07-15	idH011/idH011	fail	
MS-IdentityConstraint2006-07-15	idH013/idH013	fail	
MS-IdentityConstraint2006-07-15	idH014/idH014	fail	
MS-IdentityConstraint2006-07-15	idH015/idH015	unsupported	
MS-IdentityConstraint2006-07-15	idH015/idH015.v	unsupported	
MS-IdentityConstraint2006-07-15	idH023/idH023	unsupported	
MS-IdentityConstraint2006-07-15	idH023/idH023.v	unsupported	
MS-IdentityConstraint2006-07-15	idH024/idH024	unsupported	
MS-IdentityConstraint2006-07-15	idH024/idH024.v	unsupported	
MS-IdentityConstraint2006-07-15	idH025/idH025	unsupported	
MS-IdentityConstraint2006-07-15	idH025/idH025.v	unsupported	
MS-IdentityConstraint2006-07-15	idH028/idH028	unsupported	
MS-IdentityConstraint2006-07-15	idH028/idH028.v	unsupported	
MS-IdentityConstraint2006-07-15	idH029/idH029	unsupported	
MS-IdentityConstraint2006-07-15	idH029/idH029.v	unsupported	
MS-IdentityConstraint2006-07-15	idH030/idH030	unsupported	
MS-IdentityConstraint2006-07-15	idH030/idH030.v	unsupported	
MS-IdentityConstraint2006-07-15	idH032/idH032	unsupported	
MS-IdentityConstraint2006-07-15	idH032/idH032.v	unsupported	
MS-IdentityConstraint2006-07-15	idH034/idH034	unsupported	
MS-IdentityConstraint2006-07-15	idH034/idH034.v	unsupported	
MS-IdentityConstraint2006-07-15	idH035/idH035	unsupported	
MS-IdentityConstraint2006-07-15	idI001/idI001	fail	
MS-IdentityConstraint2006-07-15	idI003/idI003	fail	
MS-IdentityConstraint2006-07-15	idI004/idI004	fail	
MS-IdentityConstraint2006-07-15	idI005/idI005	fail	
MS-IdentityConstraint2006-07-15	idI006/idI006	fail	
MS-IdentityConstraint2006-07-15	idI007/idI007	fail	
MS-IdentityConstraint2006-07-15	idI010/idI010	fail	
MS-IdentityConstraint2006-07-15	idI014/idI014	fail	
MS-IdentityConstraint2006-07-15	idI015/idI015	fail	
MS-IdentityConstraint2006-07-15	idI016/idI016	fail	
MS-IdentityConstraint2006-07-15	idI018/idI018	fail	
MS-IdentityConstraint2006-07-15	idI022/idI022	fail	
MS-IdentityConstraint2006-07-15	idI023/idI023	fail	
MS-IdentityConstraint2006-07-15	idI028/idI028	fail	
MS-IdentityConstraint2006-07-15	idI038/idI038	fail	
MS-IdentityConstraint2006-07-15	idI145/idI145	fail	
MS-IdentityConstraint2006-07-15	idI146/idI146	fail	
MS-IdentityConstraint2006-07-15	idI147/idI147	fail	
MS-IdentityConstraint2006-07-15	idI148/idI148	fail	
MS-IdentityConstraint2006-07-15	idI149/idI149	fail	
MS-IdentityConstraint2006-07-15	idI150/idI150	fail	
MS-IdentityConstraint2006-07-15	idI151/idI151	fail	
MS-IdentityConstraint2006-07-15	idI152/idI152	fail	
MS-IdentityConstraint2006-07-15	idJ001/idJ001	fail	
MS-IdentityConstraint2006-07-15	idJ002/idJ002	fail	
MS-IdentityConstraint2006-07-15	idJ003/idJ003	fail	
MS-IdentityConstraint2006-07-15	idJ005/idJ005	fail	
MS-IdentityConstraint2006-07-15	idJ006/idJ006	fail	
MS-IdentityConstraint2006-07-15	idJ007/idJ007	fail	
MS-IdentityConstraint2006-07-15	idJ008/idJ008	fail	
MS-IdentityConstraint2006-07-15	idJ011/idJ011	fail	
MS-IdentityConstraint2006-07-15	idJ015/idJ015	fail	
MS-IdentityConstraint2006-07-15	idJ016/idJ016	fail	
MS-IdentityConstraint2006-07-15	idJ017/idJ017	fail	
MS-IdentityConstraint2006-07-15	idJ025/idJ025	fail	
MS-IdentityConstraint2006-07-15	idJ026/idJ026	fail	
MS-IdentityConstraint2006-07-15	idJ030/idJ030	fail	
MS-IdentityConstraint2006-07-15	idJ032/idJ032	fail	
MS-IdentityConstraint2006-07-15	idJ036/idJ036	fail	
MS-IdentityConstraint2006-07-15	idJ052/idJ052	fail	
MS-IdentityConstraint2006-07-15	idJ056/idJ056	fail	
MS-IdentityConstraint2006-07-15	idJ205/idJ205	fail	
MS-IdentityConstraint2006-07-15	idJ206/idJ206	fail	
MS-IdentityConstraint2006-07-15	idJ207/idJ207	fail	
MS-IdentityConstraint2006-07-15	idJ208/idJ208	fail	
MS-IdentityConstraint2006-07-15	idJ209/idJ209	fail	
MS-IdentityConstraint2006-07-15	idJ210/idJ210	fail	
MS-IdentityConstraint2006-07-15	idK012/idK012.i	fail	
MS-IdentityConstraint2006-07-15	idL006/idL006.i	fail	
MS-IdentityConstraint2006-07-15	idL007/idL007.i	fail	
MS-IdentityConstraint2006-07-15	idL011/idL011.i	fail	
MS-IdentityConstraint2006-07-15	idL012/idL012.i	fail	
MS-IdentityConstraint2006-07-15	idL015/idL015.i	fail	
MS-IdentityConstraint2006-07-15	idL019/idL019.i	fail	
MS-IdentityConstraint2006-07-15	idL022/idL022.i	fail	
MS-IdentityConstraint2006-07-15	idL025/idL025.i	fail	
MS-IdentityConstraint2006-07-15	idL031/idL031.i	fail	
MS-IdentityConstraint2006-07-15	idL032/idL032.i	fail	
MS-IdentityConstraint2006-07-15	idL036/idL036.i	fail	
MS-IdentityConstraint2006-07-15	idL037/idL037.i	fail	
MS-IdentityConstraint2006-07-15	idL040/idL040.i	fail	
MS-IdentityConstraint2006-07-15	idL044/idL044.i	fail	
MS-IdentityConstraint2006-07-15	idL047/idL047.i	fail	
MS-IdentityConstraint2006-07-15	idL050/idL050.i	fail	
MS-IdentityConstraint2006-07-15	idL056/idL056.i	fail	
MS-IdentityConstraint2006-07-15	idL057/idL057.i	fail	
MS-IdentityConstraint2006-07-15	idL061/idL061.i	fail	
MS-IdentityConstraint2006-07-15	idL062/idL062.i	fail	
MS-IdentityConstraint2006-07-15	idL065/idL065.i	fail	
MS-IdentityConstraint2006-07-15	idL069/idL069.i	fail	
MS-IdentityConstraint2006-07-15	idL072/idL072.i	fail	
MS-IdentityConstraint2006-07-15	idL075/idL075.i	fail	
MS-IdentityConstraint2006-07-15	idL077/idL077	unsupported	
MS-IdentityConstraint2006-07-15	idL077/idL077.v	unsupported	
MS-IdentityConstraint2006-07-15	idL079/idL079.i	fail	
MS-IdentityConstraint2006-07-15	idL080/idL080.i	fail	
MS-IdentityConstraint2006-07-15	idL081/idL081.i	fail	
MS-IdentityConstraint2006-07-15	idL085/idL085.i	fail	
MS-IdentityConstraint2006-07-15	idL089/idL089.i	fail	
MS-IdentityConstraint2006-07-15	idL090/idL090	unsupported	
MS-IdentityConstraint2006-07-15	idL090/idL090.v	unsupported	
MS-IdentityConstraint2006-07-15	idL091/idL091	unsupported	
MS-IdentityConstraint2006-07-15	idL091/idL091.i	unsupported	
MS-IdentityConstraint2006-07-15	idL092/idL092	unsupported	
MS-IdentityConstraint2006-07-15	idL092/idL092.v	unsupported	
MS-IdentityConstraint2006-07-15	idL093/idL093	unsupported	
MS-IdentityConstraint2006-07-15	idL093/idL093.i	unsupported	
MS-IdentityConstraint2006-07-15	idL094/idL094	unsupported	
MS-IdentityConstraint2006-07-15	idL094/idL094.v	unsupported	
MS-IdentityConstraint2006-07-15	idL095/idL095	unsupported	
MS-IdentityConstraint2006-07-15	idL095/idL095.i	unsupported	
MS-IdentityConstraint2006-07-15	idL096/idL096	unsupported	
MS-IdentityConstraint2006-07-15	idL096/idL096.v	unsupported	
MS-IdentityConstraint2006-07-15	idL097/idL097	unsupported	
MS-IdentityConstraint2006-07-15	idL097/idL097.i	unsupported	
MS-IdentityConstraint2006-07-15	idL098/idL098	unsupported	
MS-IdentityConstraint2006-07-15	idL098/idL098.v	unsupported	
MS-IdentityConstraint2006-07-15	idL099/idL099	unsupported	
MS-IdentityConstraint2006-07-15	idL099/idL099.i	unsupported	
MS-IdentityConstraint2006-07-15	idL100/idL100	unsupported	
MS-IdentityConstraint2006-07-15	idL100/idL100.v	unsupported	
MS-IdentityConstraint2006-07-15	idL101/idL101	unsupported	
MS-IdentityConstraint2006-07-15	idL101/idL101.i	unsupported	
MS-IdentityConstraint2006-07-15	idL102/idL102	unsupported	
MS-IdentityConstraint2006-07-15	idL102/idL102.v	unsupported	
MS-IdentityConstraint2006-07-15	idL103/idL103	unsupported	
MS-IdentityConstraint2006-07-15	idL103/idL103.i	unsupported	
MS-IdentityConstraint2006-07-15	idZ005/idZ005	unsupported	
MS-IdentityConstraint2006-07-15	idZ005/idZ005.v	unsupported	
MS-IdentityConstraint2006-07-15	idZ006/idZ006	unsupported	
MS-IdentityConstraint2006-07-15	idZ006/idZ006.v	unsupported	
MS-IdentityConstraint2006-07-15	idZ007/idZ007	unsupported	
MS-IdentityConstraint2006-07-15	idZ007/idZ007.v	unsupported	
MS-IdentityConstraint2006-07-15	idZ008/idZ008.i	fail	
MS-IdentityConstraint2006-07-15	idZ010/idZ010.i	fail	
MS-IdentityConstraint2006-07-15	idZ011/idZ011.i	fail	
MS-IdentityConstraint2006-07-15	idZ011_a/idZ011_a	unsupported	
MS-IdentityConstraint2006-07-15	idZ011_a/idZ011_a.i	unsupported	
MS-IdentityConstraint2006-07-15	idZ012/idZ012	unsupported	
MS-IdentityConstraint2006-07-15	idZ012/idZ012.i	unsupported	
MS-IdentityConstraint2006-07-15	idZ015/idZ015.i	fail	
suntest	idc001.nogen/idc001.nogen.n00	fail	
suntest	idc002.e/idc002.e	fail	
suntest	idc002b.e/idc002b.e	fail	
suntest	idc003.e/idc003.e	fail	
suntest	idc004.nogen/idc004.nogen.n00	fail	
suntest	idc004.nogen/idc004.nogen.n01	fail	
suntest	idc004.nogen/idc004.nogen.n02	fail	
suntest	idc004.nogen/idc004.nogen.n03	fail	
suntest	idc004a.e/idc004a.e	fail	
suntest	idc005.nogen/idc005.nogen.n00	fail	
suntest	idc005.nogen/idc005.nogen.n01	fail	
suntest	idc006.nogen/idc006.nogen.n00	fail	
suntest	idc006.nogen/idc006.nogen.n01	fail	
ElemDecl	idconstrdefs00201m/idConstrDefs00201m	unsupported	
ElemDecl	idconstrdefs00201m/idConstrDefs00201m1_p	unsupported	
ElemDecl	idconstrdefs00201m/idConstrDefs00201m2_n	unsupported	
ElemDecl	idconstrdefs00201m/idConstrDefs00201m3_n	unsupported	
ElemDecl	idconstrdefs00201m/idConstrDefs00201m4_n	unsupported	
ElemDecl	idconstrdefs00301m/idConstrDefs00301m	unsupported	
ElemDecl	idconstrdefs00301m/idConstrDefs00301m1_p	unsupported	
ElemDecl	idconstrdefs00301m/idConstrDefs00301m2_n	unsupported	
ElemDecl	idconstrdefs00301m/idConstrDefs00301m3_n	unsupported	
ElemDecl	idconstrdefs00301m/idConstrDefs00301m4_n	unsupported	
ElemDecl	idconstrdefs00302m/idConstrDefs00302m2_n	fail	
ElemDecl	idconstrdefs00302m/idConstrDefs00302m3_n	fail	
ElemDecl	idconstrdefs00302m/idConstrDefs00302m4_n	fail	
ElemDecl	idconstrdefs00402m/idConstrDefs00402m1_n	fail	
ElemDecl	idconstrdefs00403m/idConstrDefs00403m1_n	fail	
ElemDecl	idconstrdefs00501m/idConstrDefs00501m1_n	fail	
suntest	identitytestsuitetest001/test	unsupported	
suntest	identitytestsuitetest001/test.1.v	unsupported	
suntest	identitytestsuitetest001/test.2.n	unsupported	
suntest	identitytestsuitetest002/test	unsupported	
suntest	identitytestsuitetest002/test.1.v	unsupported	
suntest	identitytestsuitetest002/test.2.v	unsupported	
suntest	identitytestsuitetest002/test.3.n	unsupported	
suntest	identitytestsuitetest003/test	unsupported	
suntest	identitytestsuitetest003/test.1.v	unsupported	
suntest	identitytestsuitetest003/test.2.v	unsupported	
suntest	identitytestsuitetest003/test.3.n	unsupported	
suntest	identitytestsuitetest004/test	unsupported	
suntest	identitytestsuitetest004/test.1.v	unsupported	
suntest	identitytestsuitetest004/test.2.n	unsupported	
suntest	identitytestsuitetest004/test.3.n	unsupported	
MS-DataTypes2006-07-15	int_fractionDigits004_734/int_fractionDigits004_734	fail	
MS-DataTypes2006-07-15	int_fractionDigits007_737/int_fractionDigits007_737	fail	
MS-DataTypes2006-07-15	int_fractionDigits008_738/int_fractionDigits008_738	fail	
MS-DataTypes2006-07-15	int_maxExclusive004b_692/int_maxExclusive004b_692	fail	
MS-DataTypes2006-07-15	int_maxExclusive004c_693/int_maxExclusive004c_693	fail	
MS-DataTypes2006-07-15	int_maxExclusive004f_696/int_maxExclusive004f_696	fail	
MS-DataTypes2006-07-15	int_maxExclusive004i_698/int_maxExclusive004i_698	fail	
MS-DataTypes2006-07-15	int_maxInclusive004b_680/int_maxInclusive004b_680	fail	
MS-DataTypes2006-07-15	int_maxInclusive004c_681/int_maxInclusive004c_681	fail	
MS-DataTypes2006-07-15	int_maxInclusive004d_682/int_maxInclusive004d_682	fail	
MS-DataTypes2006-07-15	int_maxInclusive004f_684/int_maxInclusive004f_684	fail	
MS-DataTypes2006-07-15	int_maxInclusive005_688/int_maxInclusive005_688	fail	
MS-DataTypes2006-07-15	int_minExclusive005_716/int_minExclusive005_716	fail	
MS-DataTypes2006-07-15	int_minExclusive006a_717/int_minExclusive006a_717	fail	
MS-DataTypes2006-07-15	int_minExclusive006h_722/int_minExclusive006h_722	fail	
MS-DataTypes2006-07-15	int_minExclusive006i_723/int_minExclusive006i_723	fail	
MS-DataTypes2006-07-15	int_minInclusive005_703/int_minInclusive005_703	fail	
MS-DataTypes2006-07-15	int_minInclusive006b_705/int_minInclusive006b_705	fail	
MS-DataTypes2006-07-15	int_minInclusive006d_707/int_minInclusive006d_707	fail	
MS-DataTypes2006-07-15	int_minInclusive006f_708/int_minInclusive006f_708	fail	
MS-DataTypes2006-07-15	int_minInclusive006h_710/int_minInclusive006h_710	fail	
MS-DataTypes2006-07-15	int_minInclusive006i_711/int_minInclusive006i_711	fail	
MS-DataTypes2006-07-15	int_totalDigits003_727/int_totalDigits003_727	fail	
MS-DataTypes2006-07-15	integer_fractionDigits004_567/integer_fractionDigits004_567	fail	
MS-DataTypes2006-07-15	integer_fractionDigits007_570/integer_fractionDigits007_570	fail	
MS-DataTypes2006-07-15	integer_fractionDigits008_571/integer_fractionDigits008_571	fail	
MS-DataTypes2006-07-15	integer_maxInclusive003_547/integer_maxInclusive003_547	fail	
MS-DataTypes2006-07-15	integer_minExclusive003_556/integer_minExclusive003_556	fail	
MS-DataTypes2006-07-15	integer_minExclusive004_557/integer_minExclusive004_557	fail	
MS-DataTypes2006-07-15	integer_minInclusive003_552/integer_minInclusive003_552	fail	
MS-DataTypes2006-07-15	integer_minInclusive004_553/integer_minInclusive004_553	fail	
MS-DataTypes2006-07-15	integer_totalDigits003_560/integer_totalDigits003_560	fail	
BoeingXSDTestCases	ipo1/ipo1	unsupported	
BoeingXSDTestCases	ipo1/ipo_1	unsupported	
BoeingXSDTestCases	ipo1/ipo_2	unsupported	
BoeingXSDTestCases	ipo2/ipo2	unsupported	
BoeingXSDTestCases	ipo2/ipo_1	unsupported	
BoeingXSDTestCases	ipo2/ipo_2	unsupported	
BoeingXSDTestCases	ipo3/ipo3	unsupported	
BoeingXSDTestCases	ipo3/ipo_1	unsupported	
BoeingXSDTestCases	ipo3/ipo_2	unsupported	
BoeingXSDTestCases	ipo4/ipo4	unsupported	
BoeingXSDTestCases	ipo4/ipo_1	unsupported	
BoeingXSDTestCases	ipo4/ipo_2	unsupported	
BoeingXSDTestCases	ipo5/ipo5	unsupported	
BoeingXSDTestCases	ipo5/ipo_1	unsupported	
BoeingXSDTestCases	ipo5/ipo_2	unsupported	
BoeingXSDTestCases	ipo6/ipo6	unsupported	
BoeingXSDTestCases	ipo6/ipo_1	unsupported	
BoeingXSDTestCases	ipo6/ipo_2	unsupported	
MS-Additional2006-07-15	isDefault001/isDefault001.v	fail	must be the fixed value `abc`, not ``
MS-Additional2006-07-15	isDefault002/isDefault002.v	fail	must be the fixed value `abc`, not ``
MS-Additional2006-07-15	isDefault005/isDefault005.v	fail	must be the fixed value `abc`, not ``
MS-Additional2006-07-15	isDefault006/isDefault006.v	fail	must be the fixed value `abc`, not ``
MS-Additional2006-07-15	isDefault021/isDefault021	unsupported	
MS-Additional2006-07-15	isDefault021/isDefault021.v	unsupported	
MS-Additional2006-07-15	isDefault022/isDefault022	unsupported	
MS-Additional2006-07-15	isDefault022/isDefault022.v	unsupported	
MS-Additional2006-07-15	isDefault023/isDefault023	unsupported	
MS-Additional2006-07-15	isDefault023/isDefault023.v	unsupported	
MS-Additional2006-07-15	isDefault024/isDefault024	unsupported	
MS-Additional2006-07-15	isDefault024/isDefault024.v	unsupported	
MS-Additional2006-07-15	isDefault025/isDefault025	unsupported	
MS-Additional2006-07-15	isDefault025/isDefault025.v	unsupported	
MS-Additional2006-07-15	isDefault026/isDefault026	unsupported	
MS-Additional2006-07-15	isDefault026/isDefault026.v	unsupported	
MS-Additional2006-07-15	isDefault027/isDefault027	unsupported	
MS-Additional2006-07-15	isDefault027/isDefault027.v	unsupported	
MS-Additional2006-07-15	isDefault028/isDefault028	unsupported	
MS-Additional2006-07-15	isDefault028/isDefault028.v	unsupported	
MS-Additional2006-07-15	isDefault060_1/isDefault060_1	unsupported	
MS-Additional2006-07-15	isDefault060_1/isDefault060_1.v	unsupported	
MS-Additional2006-07-15	isDefault060_2/isDefault060_2	unsupported	
MS-Additional2006-07-15	isDefault060_2/isDefault060_2.i	unsupported	
MS-Additional2006-07-15	isDefault069/isDefault069	unsupported	
MS-Additional2006-07-15	isDefault069/isDefault069.i	unsupported	
MS-Additional2006-07-15	isDefault072/isDefault072	unsupported	
MS-Additional2006-07-15	isDefault072/isDefault072.v	unsupported	
MS-Additional2006-07-15	isDefault073/isDefault073	unsupported	
MS-Additional2006-07-15	isDefault073/isDefault073.v	unsupported	
MS-Additional2006-07-15	isDefault074/isDefault074	unsupported	
MS-Additional2006-07-15	isDefault074/isDefault074.v	unsupported	
MS-Additional2006-07-15	isDefault075/isDefault075	unsupported	
MS-Additional2006-07-15	isDefault075/isDefault075.v	unsupported	
MS-Additional2006-07-15	isDefault076/isDefault076	unsupported	
MS-Additional2006-07-15	isDefault076/isDefault076.v	unsupported	
MS-Additional2006-07-15	isDefault077/isDefault077	unsupported	
MS-Additional2006-07-15	isDefault077/isDefault077.i	unsupported	
MS-DataTypes2006-07-15	language_length006_373/language_length006_373	fail	
MS-DataTypes2006-07-15	language_length007_374/language_length007_374	fail	
MS-DataTypes2006-07-15	language_minLength006_380/language_minLength006_380	fail	
MS-DataTypes2006-07-15	list_minInclusive_1850/list_minInclusive_1850	fail	
MS-DataTypes2006-07-15	long_fractionDigits004_667/long_fractionDigits004_667	fail	
MS-DataTypes2006-07-15	long_fractionDigits007_670/long_fractionDigits007_670	fail	
MS-DataTypes2006-07-15	long_fractionDigits008_671/long_fractionDigits008_671	fail	
MS-DataTypes2006-07-15	long_maxInclusive005_643/long_maxInclusive005_643	fail	
MS-DataTypes2006-07-15	long_minExclusive005_657/long_minExclusive005_657	fail	
MS-DataTypes2006-07-15	long_minInclusive005_652/long_minInclusive005_652	fail	
MS-DataTypes2006-07-15	long_totalDigits003_660/long_totalDigits003_660	fail	
MS-Additional2006-07-15	memberType004/memberType004	unsupported	
MS-Additional2006-07-15	memberType004/memberType004.v	unsupported	
MS-Additional2006-07-15	memberType005/memberType005	unsupported	
MS-Additional2006-07-15	memberType005/memberType005.v	unsupported	
MS-Additional2006-07-15	memberType008/memberType008	unsupported	
MS-Additional2006-07-15	memberType008/memberType008.v	unsupported	
MS-Additional2006-07-15	memberType022/memberType022	unsupported	
MS-Additional2006-07-15	memberType022/memberType022.v	unsupported	
MS-Additional2006-07-15	memberType024/memberType024	unsupported	
MS-Additional2006-07-15	memberType024/memberType024.v	unsupported	
MS-ModelGroups2006-07-15	mgA013/mgA013	fail	
MS-ModelGroups2006-07-15	mgA016/mgA016	fail	
MS-ModelGroups2006-07-15	mgA018/mgA018	fail	
MS-ModelGroups2006-07-15	mgA019/mgA019	fail	
MS-ModelGroups2006-07-15	mgA020/mgA020	fail	
MS-ModelGroups2006-07-15	mgAa001/mgAa001	fail	
MS-ModelGroups2006-07-15	mgAa002/mgAa002	fail	
MS-ModelGroups2006-07-15	mgAa004/mgAa004	fail	
MS-ModelGroups2006-07-15	mgAa005/mgAa005	fail	
MS-ModelGroups2006-07-15	mgAa006/mgAa006	fail	
MS-ModelGroups2006-07-15	mgAa007/mgAa007	fail	
MS-ModelGroups2006-07-15	mgAa008/mgAa008	fail	
MS-ModelGroups2006-07-15	mgAa009/mgAa009	fail	
MS-ModelGroups2006-07-15	mgAb001/mgAb001	fail	
MS-ModelGroups2006-07-15	mgAb002/mgAb002	fail	
MS-ModelGroups2006-07-15	mgAb003/mgAb003	fail	
MS-ModelGroups2006-07-15	mgAb004/mgAb004	fail	
MS-ModelGroups2006-07-15	mgAb005/mgAb005	fail	
MS-ModelGroups2006-07-15	mgAb006/mgAb006	fail	
MS-ModelGroups2006-07-15	mgAb007/mgAb007	fail	
MS-ModelGroups2006-07-15	mgAb008/mgAb008	fail	
MS-ModelGroups2006-07-15	mgAb009/mgAb009	fail	
MS-ModelGroups2006-07-15	mgB008/mgB008	fail	
MS-ModelGroups2006-07-15	mgB009/mgB009	fail	
MS-ModelGroups2006-07-15	mgB010/mgB010	fail	
MS-ModelGroups2006-07-15	mgC004/mgC004	unsupported	
MS-ModelGroups2006-07-15	mgC004/mgC004.v	unsupported	
MS-ModelGroups2006-07-15	mgC008/mgC008	fail	
MS-ModelGroups2006-07-15	mgC009/mgC009	fail	
MS-ModelGroups2006-07-15	mgC013/mgC013	fail	
MS-ModelGroups2006-07-15	mgD013/mgD013	unsupported	
MS-ModelGroups2006-07-15	mgD013/mgD013.v	unsupported	
MS-ModelGroups2006-07-15	mgEa001/mgEa001	fail	
MS-ModelGroups2006-07-15	mgEa002/mgEa002	fail	
MS-ModelGroups2006-07-15	mgEa003/mgEa003	fail	
MS-ModelGroups2006-07-15	mgEa004/mgEa004	fail	
MS-ModelGroups2006-07-15	mgEa005/mgEa005	fail	
MS-ModelGroups2006-07-15	mgEa006/mgEa006	fail	
MS-ModelGroups2006-07-15	mgEa007/mgEa007	fail	
MS-ModelGroups2006-07-15	mgEa008/mgEa008	fail	
MS-ModelGroups2006-07-15	mgEb001/mgEb001	fail	
MS-ModelGroups2006-07-15	mgEb002/mgEb002	fail	
MS-ModelGroups2006-07-15	mgEb003/mgEb003	fail	
MS-ModelGroups2006-07-15	mgEb006/mgEb006	fail	
MS-ModelGroups2006-07-15	mgEb007/mgEb007	fail	
MS-ModelGroups2006-07-15	mgEb008/mgEb008	fail	
MS-ModelGroups2006-07-15	mgF009/mgF009.v	fail	expected `b2` exactly once, found 0
MS-ModelGroups2006-07-15	mgF010/mgF010.v	fail	expected `b2` exactly once, found 0
MS-ModelGroups2006-07-15	mgF011/mgF011.v	fail	expected `b2` exactly once, found 0
MS-ModelGroups2006-07-15	mgF012/mgF012.v	fail	expected `b2` exactly once, found 0
MS-ModelGroups2006-07-15	mgF013/mgF013.v	fail	expected `b2` exactly once, found 0
MS-ModelGroups2006-07-15	mgF014/mgF014.v	fail	expected `b2` exactly once, found 0
MS-ModelGroups2006-07-15	mgF015/mgF015.v	fail	expected `five2` exactly once, found 0
MS-ModelGroups2006-07-15	mgF016/mgF016.v	fail	expected `g12` exactly once, found 0
MS-ModelGroups2006-07-15	mgG002/mgG002	fail	
MS-ModelGroups2006-07-15	mgG025/mgG025	fail	
MS-ModelGroups2006-07-15	mgG027/mgG027	fail	
MS-ModelGroups2006-07-15	mgG028/mgG028	fail	
MS-ModelGroups2006-07-15	mgG029/mgG029	fail	
MS-ModelGroups2006-07-15	mgG030/mgG030	fail	
MS-ModelGroups2006-07-15	mgH014/mgH014	fail	this content model is not a valid restriction of `bar`
MS-ModelGroups2006-07-15	mgH014/mgH014.v	blocked	
MS-ModelGroups2006-07-15	mgH015/mgH015.v	fail	`b` is not one of the permitted choices (a)
MS-ModelGroups2006-07-15	mgHa001/mgHa001	fail	
MS-ModelGroups2006-07-15	mgHa002/mgHa002	fail	
MS-ModelGroups2006-07-15	mgHa003/mgHa003	fail	
MS-ModelGroups2006-07-15	mgHa004/mgHa004	fail	
MS-ModelGroups2006-07-15	mgHa005/mgHa005	fail	
MS-ModelGroups2006-07-15	mgHa006/mgHa006	fail	
MS-ModelGroups2006-07-15	mgHa007/mgHa007	fail	
MS-ModelGroups2006-07-15	mgHa008/mgHa008	fail	
MS-ModelGroups2006-07-15	mgHb001/mgHb001	fail	
MS-ModelGroups2006-07-15	mgHb002/mgHb002	fail	
MS-ModelGroups2006-07-15	mgHb003/mgHb003	fail	
MS-ModelGroups2006-07-15	mgHb006/mgHb006	fail	
MS-ModelGroups2006-07-15	mgHb007/mgHb007	fail	
MS-ModelGroups2006-07-15	mgHb008/mgHb008	fail	
MS-ModelGroups2006-07-15	mgJ002/mgJ002	fail	
MS-ModelGroups2006-07-15	mgJ003/mgJ003.i	fail	
MS-ModelGroups2006-07-15	mgJ005/mgJ005.i	fail	
MS-ModelGroups2006-07-15	mgJ008/mgJ008.i	fail	
MS-ModelGroups2006-07-15	mgJ011/mgJ011.i	fail	
MS-ModelGroups2006-07-15	mgJ013/mgJ013.i	fail	
MS-ModelGroups2006-07-15	mgJ015/mgJ015.i	fail	
MS-ModelGroups2006-07-15	mgJ017/mgJ017.i	fail	
MS-ModelGroups2006-07-15	mgJ018/mgJ018.i	fail	
MS-ModelGroups2006-07-15	mgJ020/mgJ020.i	fail	
MS-ModelGroups2006-07-15	mgJ021/mgJ021.i	fail	
MS-ModelGroups2006-07-15	mgJ024/mgJ024.i	fail	
MS-ModelGroups2006-07-15	mgJ025/mgJ025	fail	
MS-ModelGroups2006-07-15	mgJ027/mgJ027	fail	
MS-ModelGroups2006-07-15	mgJ028/mgJ028	fail	
MS-ModelGroups2006-07-15	mgJ029/mgJ029	fail	
MS-ModelGroups2006-07-15	mgJ030/mgJ030	fail	
MS-ModelGroups2006-07-15	mgL003/mgL003.i	fail	
MS-ModelGroups2006-07-15	mgL005/mgL005.i	fail	
MS-ModelGroups2006-07-15	mgL007/mgL007.i	fail	
MS-ModelGroups2006-07-15	mgL008/mgL008	unsupported	
MS-ModelGroups2006-07-15	mgL008/mgL008.v	unsupported	
MS-ModelGroups2006-07-15	mgN003/mgN003.i	fail	
MS-ModelGroups2006-07-15	mgN012/mgN012.v	fail	expected `c2` exactly once, found 0
MS-ModelGroups2006-07-15	mgO001/mgO001	fail	
MS-ModelGroups2006-07-15	mgO003/mgO003	fail	
MS-ModelGroups2006-07-15	mgO006/mgO006	unsupported	
MS-ModelGroups2006-07-15	mgO006/mgO006.v	unsupported	
MS-ModelGroups2006-07-15	mgO012/mgO012	unsupported	
MS-ModelGroups2006-07-15	mgO013/mgO013	unsupported	
MS-ModelGroups2006-07-15	mgO013/mgO013.i	unsupported	
MS-ModelGroups2006-07-15	mgO018/mgO018	fail	
MS-ModelGroups2006-07-15	mgO019/mgO019	fail	
MS-ModelGroups2006-07-15	mgO020/mgO020	unsupported	
MS-ModelGroups2006-07-15	mgO021/mgO021	unsupported	
MS-ModelGroups2006-07-15	mgO022/mgO022	unsupported	
MS-ModelGroups2006-07-15	mgO023/mgO023	unsupported	
MS-ModelGroups2006-07-15	mgO024/mgO024	unsupported	
MS-ModelGroups2006-07-15	mgO025/mgO025	unsupported	
MS-ModelGroups2006-07-15	mgO026/mgO026	fail	
MS-ModelGroups2006-07-15	mgO027/mgO027	unsupported	
MS-ModelGroups2006-07-15	mgO032/mgO032	unsupported	
MS-ModelGroups2006-07-15	mgO033/mgO033	fail	
MS-ModelGroups2006-07-15	mgO034/mgO034	unsupported	
MS-ModelGroups2006-07-15	mgO034/mgO034.v	unsupported	
MS-ModelGroups2006-07-15	mgP039/mgP039	fail	
MS-ModelGroups2006-07-15	mgP040/mgP040	fail	
MS-ModelGroups2006-07-15	mgP041/mgP041	unsupported	
MS-ModelGroups2006-07-15	mgP042/mgP042	fail	
MS-ModelGroups2006-07-15	mgP043/mgP043	fail	
MS-ModelGroups2006-07-15	mgP049/mgP049	fail	
MS-ModelGroups2006-07-15	mgP050/mgP050	unsupported	
MS-ModelGroups2006-07-15	mgP055/mgP055	fail	
MS-ModelGroups2006-07-15	mgP056/mgP056	fail	
MS-ModelGroups2006-07-15	mgP057/mgP057	unsupported	
MS-ModelGroups2006-07-15	mgP058/mgP058	unsupported	
MS-ModelGroups2006-07-15	mgP059/mgP059	unsupported	
MS-ModelGroups2006-07-15	mgP060/mgP060	unsupported	
MS-ModelGroups2006-07-15	mgP061/mgP061	unsupported	
MS-ModelGroups2006-07-15	mgP062/mgP062	unsupported	
MS-ModelGroups2006-07-15	mgQ001/mgQ001	fail	
MS-ModelGroups2006-07-15	mgQ004/mgQ004	fail	
MS-ModelGroups2006-07-15	mgQ005/mgQ005	fail	
MS-ModelGroups2006-07-15	mgQ010/mgQ010	fail	
MS-ModelGroups2006-07-15	mgQ011/mgQ011	fail	
MS-ModelGroups2006-07-15	mgQ012/mgQ012	fail	
MS-ModelGroups2006-07-15	mgQ013/mgQ013	fail	
MS-ModelGroups2006-07-15	mgQ021/mgQ021	fail	
MS-ModelGroups2006-07-15	mgR022/mgR022	fail	
MS-ModelGroups2006-07-15	mgS002/mgS002	fail	
MS-ModelGroups2006-07-15	mgS003/mgS003	fail	
MS-ModelGroups2006-07-15	mgS004/mgS004	fail	
MS-ModelGroups2006-07-15	mgS005/mgS005	fail	
MS-ModelGroups2006-07-15	mgZ001/mgZ001	unsupported	
MS-ModelGroups2006-07-15	mgZ001/mgZ001.i	unsupported	
MS-ModelGroups2006-07-15	mgZ003/mgZ003.v	fail	`e1` is not permitted here
MS-ModelGroups2006-07-15	mgZ004/mgZ004	unsupported	
MS-ModelGroups2006-07-15	mgZ004/mgZ004.v	unsupported	
MGroupDef	modelgroup00101m2/Negative	fail	
MGroupDef	modelgroup00102m1/modelGroup00102m1	fail	
MGroupDef	modelgroup00102m2/modelGroup00102m2	fail	
MGroupDef	modelgroup00102m3/modelGroup00102m3	fail	
MGroupDef	modelgroup00102m4/modelGroup00102m4	fail	
MGroupDef	modelgroup00102m5/modelGroup00102m5	fail	
MGroupDef	modelgroup00102m6/modelGroup00102m6	fail	
CType	name00101m/name00101m1_n	fail	
Notation	name00101m1/Positive	unsupported	
Notation	name00101m1/name00101m1	unsupported	
IdConstrDefs	name00101m2/name00101m2	fail	
MGroupDef	name00101m2/name00101m2	fail	
Notation	name00101m2/name00101m2	unsupported	
Notation	name00201m1/name00201m1	unsupported	
ElemDecl	name00501m10/name00501m10	unsupported	
ElemDecl	name00501m12/name00501m12	fail	
ElemDecl	name00501m2/name00501m2	fail	
ElemDecl	name00501m3/Positive	unsupported	
ElemDecl	name00501m3/name00501m3	unsupported	
ElemDecl	name00501m4/name00501m4	unsupported	
ElemDecl	name00501m6/name00501m6	fail	
ElemDecl	name00501m7/Positive	unsupported	
ElemDecl	name00501m7/name00501m7	unsupported	
ElemDecl	name00501m8/name00501m8	unsupported	
ElemDecl	name00501m9/Positive	unsupported	
ElemDecl	name00501m9/name00501m9	unsupported	
ElemDecl	name00502m2/name00502m2	fail	
ElemDecl	name00503m2/name00503m2	fail	
ElemDecl	name00504m2/name00504m2	fail	
ElemDecl	name00504m4/name00504m4	fail	
ElemDecl	name00505m2/name00505m2	fail	
MS-DataTypes2006-07-15	negativeInteger_fractionDigits004_631/negativeInteger_fractionDigits004_631	fail	
MS-DataTypes2006-07-15	negativeInteger_fractionDigits007_634/negativeInteger_fractionDigits007_634	fail	
MS-DataTypes2006-07-15	negativeInteger_fractionDigits008_635/negativeInteger_fractionDigits008_635	fail	
MS-DataTypes2006-07-15	negativeInteger_maxInclusive004_610/negativeInteger_maxInclusive004_610	fail	
MS-DataTypes2006-07-15	negativeInteger_minExclusive004_621/negativeInteger_minExclusive004_621	fail	
MS-DataTypes2006-07-15	negativeInteger_minInclusive004_617/negativeInteger_minInclusive004_617	fail	
MS-DataTypes2006-07-15	negativeInteger_totalDigits003_624/negativeInteger_totalDigits003_624	fail	
ElemDecl	nillable00201m/nillable00201m2_n	fail	
ElemDecl	nillable00302m/nillable00302m1_n	fail	
MS-DataTypes2006-07-15	nonNegativeInteger_fractionDigits004_838/nonNegativeInteger_fractionDigits004_838	fail	
MS-DataTypes2006-07-15	nonNegativeInteger_fractionDigits007_841/nonNegativeInteger_fractionDigits007_841	fail	
MS-DataTypes2006-07-15	nonNegativeInteger_fractionDigits008_842/nonNegativeInteger_fractionDigits008_842	fail	
MS-DataTypes2006-07-15	nonNegativeInteger_maxInclusive004_817/nonNegativeInteger_maxInclusive004_817	fail	
MS-DataTypes2006-07-15	nonNegativeInteger_minExclusive004_828/nonNegativeInteger_minExclusive004_828	fail	
MS-DataTypes2006-07-15	nonNegativeInteger_minInclusive004_824/nonNegativeInteger_minInclusive004_824	fail	
MS-DataTypes2006-07-15	nonNegativeInteger_totalDigits003_831/nonNegativeInteger_totalDigits003_831	fail	
MS-DataTypes2006-07-15	nonPositiveInteger_fractionDigits004_599/nonPositiveInteger_fractionDigits004_599	fail	
MS-DataTypes2006-07-15	nonPositiveInteger_fractionDigits007_602/nonPositiveInteger_fractionDigits007_602	fail	
MS-DataTypes2006-07-15	nonPositiveInteger_fractionDigits008_603/nonPositiveInteger_fractionDigits008_603	fail	
MS-DataTypes2006-07-15	nonPositiveInteger_maxInclusive004_578/nonPositiveInteger_maxInclusive004_578	fail	
MS-DataTypes2006-07-15	nonPositiveInteger_minExclusive004_589/nonPositiveInteger_minExclusive004_589	fail	
MS-DataTypes2006-07-15	nonPositiveInteger_minInclusive004_585/nonPositiveInteger_minInclusive004_585	fail	
MS-DataTypes2006-07-15	nonPositiveInteger_totalDigits003_592/nonPositiveInteger_totalDigits003_592	fail	
MS-DataTypes2006-07-15	normalizedString_length006_327/normalizedString_length006_327	fail	
MS-DataTypes2006-07-15	normalizedString_length007_328/normalizedString_length007_328	fail	
MS-DataTypes2006-07-15	normalizedString_minLength006_334/normalizedString_minLength006_334	fail	
MS-DataTypes2006-07-15	normalizedString_whitespace001_344/normalizedString_whitespace001_344	fail	
MS-Notations2006-07-15	notatA001/notatA001	unsupported	
MS-Notations2006-07-15	notatA002/notatA002	unsupported	
MS-Notations2006-07-15	notatA003/notatA003	unsupported	
MS-Notations2006-07-15	notatA004/notatA004	unsupported	
MS-Notations2006-07-15	notatB001/notatB001	unsupported	
MS-Notations2006-07-15	notatB002/notatB002	unsupported	
MS-Notations2006-07-15	notatB003/notatB003	unsupported	
MS-Notations2006-07-15	notatB004/notatB004	unsupported	
MS-Notations2006-07-15	notatB005/notatB005	unsupported	
MS-Notations2006-07-15	notatB006/notatB006	unsupported	
MS-Notations2006-07-15	notatB008/notatB008	unsupported	
MS-Notations2006-07-15	notatB009/notatB009	unsupported	
MS-Notations2006-07-15	notatB010/notatB010	unsupported	
MS-Notations2006-07-15	notatB011/notatB011	unsupported	
MS-Notations2006-07-15	notatB012/notatB012	unsupported	
MS-Notations2006-07-15	notatB013/notatB013	unsupported	
MS-Notations2006-07-15	notatB014/notatB014	unsupported	
MS-Notations2006-07-15	notatB015/notatB015	unsupported	
MS-Notations2006-07-15	notatB016/notatB016	unsupported	
MS-Notations2006-07-15	notatC001/notatC001	unsupported	
MS-Notations2006-07-15	notatC003/notatC003	unsupported	
MS-Notations2006-07-15	notatC004/notatC004	unsupported	
MS-Notations2006-07-15	notatC005/notatC005	unsupported	
MS-Notations2006-07-15	notatC006/notatC006	unsupported	
MS-Notations2006-07-15	notatD001/notatD001	unsupported	
MS-Notations2006-07-15	notatD004/notatD004	unsupported	
MS-Notations2006-07-15	notatD005/notatD005	unsupported	
MS-Notations2006-07-15	notatD006/notatD006	unsupported	
MS-Notations2006-07-15	notatD007/notatD007	unsupported	
MS-Notations2006-07-15	notatE001/notatE001	unsupported	
MS-Notations2006-07-15	notatE002/notatE002	unsupported	
MS-Notations2006-07-15	notatE003/notatE003	unsupported	
MS-Notations2006-07-15	notatE004/notatE004	unsupported	
MS-Notations2006-07-15	notatF001/notatF001	unsupported	
MS-Notations2006-07-15	notatF002/notatF002	unsupported	
MS-Notations2006-07-15	notatF003/notatF003	unsupported	
MS-Notations2006-07-15	notatF004/notatF004	unsupported	
MS-Notations2006-07-15	notatF005/notatF005	unsupported	
MS-Notations2006-07-15	notatF006/notatF006	unsupported	
MS-Notations2006-07-15	notatF007/notatF007	unsupported	
MS-Notations2006-07-15	notatF008/notatF008	unsupported	
MS-Notations2006-07-15	notatF009/notatF009	unsupported	
MS-Notations2006-07-15	notatF010/notatF010	unsupported	
MS-Notations2006-07-15	notatF011/notatF011	unsupported	
MS-Notations2006-07-15	notatF012/notatF012	unsupported	
MS-Notations2006-07-15	notatF013/notatF013	unsupported	
MS-Notations2006-07-15	notatF014/notatF014	unsupported	
MS-Notations2006-07-15	notatF015/notatF015	unsupported	
MS-Notations2006-07-15	notatF016/notatF016	unsupported	
MS-Notations2006-07-15	notatF017/notatF017	unsupported	
MS-Notations2006-07-15	notatF018/notatF018	unsupported	
MS-Notations2006-07-15	notatF019/notatF019	unsupported	
MS-Notations2006-07-15	notatF020/notatF020	unsupported	
MS-Notations2006-07-15	notatF021/notatF021	unsupported	
MS-Notations2006-07-15	notatF022/notatF022	unsupported	
MS-Notations2006-07-15	notatF023/notatF023	unsupported	
MS-Notations2006-07-15	notatF024/notatF024	unsupported	
MS-Notations2006-07-15	notatF025/notatF025	unsupported	
MS-Notations2006-07-15	notatF026/notatF026	unsupported	
MS-Notations2006-07-15	notatF027/notatF027	unsupported	
MS-Notations2006-07-15	notatF028/notatF028	unsupported	
MS-Notations2006-07-15	notatF029/notatF029	unsupported	
MS-Notations2006-07-15	notatF030/notatF030	unsupported	
MS-Notations2006-07-15	notatF031/notatF031	unsupported	
MS-Notations2006-07-15	notatF032/notatF032	unsupported	
MS-Notations2006-07-15	notatF033/notatF033	unsupported	
MS-Notations2006-07-15	notatF034/notatF034	unsupported	
MS-Notations2006-07-15	notatF035/notatF035	unsupported	
MS-Notations2006-07-15	notatF036/notatF036	unsupported	
MS-Notations2006-07-15	notatF037/notatF037	unsupported	
MS-Notations2006-07-15	notatF038/notatF038	unsupported	
MS-Notations2006-07-15	notatF039/notatF039	unsupported	
MS-Notations2006-07-15	notatF040/notatF040	unsupported	
MS-Notations2006-07-15	notatF041/notatF041	unsupported	
MS-Notations2006-07-15	notatF042/notatF042	unsupported	
MS-Notations2006-07-15	notatF043/notatF043	unsupported	
MS-Notations2006-07-15	notatF044/notatF044	unsupported	
MS-Notations2006-07-15	notatF045/notatF045	unsupported	
MS-Notations2006-07-15	notatF046/notatF046	unsupported	
MS-Notations2006-07-15	notatF047/notatF047	unsupported	
MS-Notations2006-07-15	notatF048/notatF048	unsupported	
MS-Notations2006-07-15	notatF049/notatF049	unsupported	
MS-Notations2006-07-15	notatF050/notatF050	unsupported	
MS-Notations2006-07-15	notatF051/notatF051	unsupported	
MS-Notations2006-07-15	notatF052/notatF052	unsupported	
MS-Notations2006-07-15	notatF053/notatF053	unsupported	
MS-Notations2006-07-15	notatF054/notatF054	unsupported	
MS-Notations2006-07-15	notatF055/notatF055	unsupported	
MS-Notations2006-07-15	notatF056/notatF056	unsupported	
MS-Notations2006-07-15	notatF057/notatF057	unsupported	
MS-Notations2006-07-15	notatF058/notatF058	unsupported	
MS-Notations2006-07-15	notatF059/notatF059	unsupported	
MS-Notations2006-07-15	notatF060/notatF060	unsupported	
MS-Notations2006-07-15	notatF061/notatF061	unsupported	
MS-Notations2006-07-15	notatF062/notatF062	unsupported	
MS-Notations2006-07-15	notatF063/notatF063	unsupported	
MS-Notations2006-07-15	notatF064/notatF064	unsupported	
MS-Notations2006-07-15	notatF065/notatF065	unsupported	
MS-Notations2006-07-15	notatF066/notatF066	unsupported	
MS-Notations2006-07-15	notatF069/notatF069	unsupported	
MS-Notations2006-07-15	notatF070/notatF070	unsupported	
MS-Notations2006-07-15	notatF071/notatF071	unsupported	
MS-Notations2006-07-15	notatF072/notatF072	unsupported	
MS-Notations2006-07-15	notatG001/notatG001	unsupported	
MS-Notations2006-07-15	notatG002/notatG002	unsupported	
MS-Notations2006-07-15	notatG003/notatG003	unsupported	
MS-Notations2006-07-15	notatG005/notatG005	unsupported	
MS-Notations2006-07-15	notatG006/notatG006	unsupported	
MS-Notations2006-07-15	notatH001v/notatH001v	unsupported	
MS-Notations2006-07-15	notatH001v/notatH001v.v	unsupported	
Wildcard	nsconstraint00202m1/Negative	fail	
Wildcard	nsconstraint00302m1/Negative	fail	
MS-Regex2006-07-15	p1/p1	unsupported	
MS-Regex2006-07-15	p16/p16.v	fail	`112233123` does not match the pattern `[abc]+`
MS-Regex2006-07-15	p21/p21.i	fail	
MS-Regex2006-07-15	p4/p4.i	fail	
MS-Regex2006-07-15	p7/p7.i	fail	
MGroup	particles00102m1/particles00102m1	fail	
MGroup	particles00103m1/particles00103m1	fail	
MGroup	particles00104m1/particles00104m1	fail	
MGroup	particles00105m1/particles00105m1	fail	
MGroup	particles00201m1/Negative	fail	
MGroup	particles00202m1/Negative	fail	
MGroup	particles00203m1/Negative	fail	
MGroup	particles00204m1/Negative	fail	
MGroup	particles00205m1/Negative	fail	
MGroup	particles00303m1/Positive	fail	expected `id` exactly once, found 0
MS-Particles2006-07-15	particlesA004/particlesA004	unsupported	
MS-Particles2006-07-15	particlesA004/particlesA004.i	unsupported	
MS-Particles2006-07-15	particlesA005/particlesA005	unsupported	
MS-Particles2006-07-15	particlesA005/particlesA005.i	unsupported	
MS-Particles2006-07-15	particlesA006/particlesA006	unsupported	
MS-Particles2006-07-15	particlesA006/particlesA006.v	unsupported	
MS-Particles2006-07-15	particlesA007/particlesA007	unsupported	
MS-Particles2006-07-15	particlesA007/particlesA007.v	unsupported	
MS-Particles2006-07-15	particlesA008/particlesA008	unsupported	
MS-Particles2006-07-15	particlesA008/particlesA008.i	unsupported	
MS-Particles2006-07-15	particlesA009/particlesA009	unsupported	
MS-Particles2006-07-15	particlesA009/particlesA009.i	unsupported	
MS-Particles2006-07-15	particlesA010/particlesA010	unsupported	
MS-Particles2006-07-15	particlesA010/particlesA010.v	unsupported	
MS-Particles2006-07-15	particlesA011/particlesA011	unsupported	
MS-Particles2006-07-15	particlesA011/particlesA011.v	unsupported	
MS-Particles2006-07-15	particlesB004/particlesB004	unsupported	
MS-Particles2006-07-15	particlesB004/particlesB004.i	unsupported	
MS-Particles2006-07-15	particlesB005/particlesB005	unsupported	
MS-Particles2006-07-15	particlesB005/particlesB005.v	unsupported	
MS-Particles2006-07-15	particlesB006/particlesB006	unsupported	
MS-Particles2006-07-15	particlesB006/particlesB006.v	unsupported	
MS-Particles2006-07-15	particlesB007/particlesB007	unsupported	
MS-Particles2006-07-15	particlesB007/particlesB007.i	unsupported	
MS-Particles2006-07-15	particlesB008/particlesB008	unsupported	
MS-Particles2006-07-15	particlesB008/particlesB008.i	unsupported	
MS-Particles2006-07-15	particlesB009/particlesB009	unsupported	
MS-Particles2006-07-15	particlesB009/particlesB009.v	unsupported	
MS-Particles2006-07-15	particlesB010/particlesB010	unsupported	
MS-Particles2006-07-15	particlesB010/particlesB010.v	unsupported	
MS-Particles2006-07-15	particlesB011/particlesB011	unsupported	
MS-Particles2006-07-15	particlesB011/particlesB011.i	unsupported	
MS-Particles2006-07-15	particlesB012/particlesB012.i	fail	
MS-Particles2006-07-15	particlesB013/particlesB013.v	fail	`b` matched a strict wildcard but has no declaration
MS-Particles2006-07-15	particlesB015/particlesB015.i	fail	
MS-Particles2006-07-15	particlesC009/particlesC009.i	fail	
MS-Particles2006-07-15	particlesC010/particlesC010.i	fail	
MS-Particles2006-07-15	particlesDa001/particlesDa001.i	fail	
MS-Particles2006-07-15	particlesDa003/particlesDa003.i	fail	
MS-Particles2006-07-15	particlesDa004/particlesDa004.i	fail	
MS-Particles2006-07-15	particlesDa006/particlesDa006	unsupported	
MS-Particles2006-07-15	particlesDa011/particlesDa011	unsupported	
MS-Particles2006-07-15	particlesDb001/particlesDb001.i	fail	
MS-Particles2006-07-15	particlesDb003/particlesDb003.i	fail	
MS-Particles2006-07-15	particlesDb004/particlesDb004.i	fail	
MS-Particles2006-07-15	particlesDb006/particlesDb006	unsupported	
MS-Particles2006-07-15	particlesDb006/particlesDb006.i	unsupported	
MS-Particles2006-07-15	particlesDb007/particlesDb007	unsupported	
MS-Particles2006-07-15	particlesDb007/particlesDb007.v	unsupported	
MS-Particles2006-07-15	particlesDb008/particlesDb008	unsupported	
MS-Particles2006-07-15	particlesDb008/particlesDb008.i	unsupported	
MS-Particles2006-07-15	particlesDb009/particlesDb009	unsupported	
MS-Particles2006-07-15	particlesDb009/particlesDb009.i	unsupported	
MS-Particles2006-07-15	particlesDb010/particlesDb010	unsupported	
MS-Particles2006-07-15	particlesDb010/particlesDb010.i	unsupported	
MS-Particles2006-07-15	particlesDb011/particlesDb011	unsupported	
MS-Particles2006-07-15	particlesDb011/particlesDb011.i	unsupported	
MS-Particles2006-07-15	particlesDc001/particlesDc001	unsupported	
MS-Particles2006-07-15	particlesDc001/particlesDc001.v	unsupported	
MS-Particles2006-07-15	particlesDc002/particlesDc002	unsupported	
MS-Particles2006-07-15	particlesDc002/particlesDc002.v	unsupported	
MS-Particles2006-07-15	particlesDc003/particlesDc003	unsupported	
MS-Particles2006-07-15	particlesDc003/particlesDc003.v	unsupported	
MS-Particles2006-07-15	particlesDc004/particlesDc004	unsupported	
MS-Particles2006-07-15	particlesDc004/particlesDc004.i	unsupported	
MS-Particles2006-07-15	particlesDc005/particlesDc005	unsupported	
MS-Particles2006-07-15	particlesDc005/particlesDc005.i	unsupported	
MS-Particles2006-07-15	particlesDc006/particlesDc006	unsupported	
MS-Particles2006-07-15	particlesDc006/particlesDc006.i	unsupported	
MS-Particles2006-07-15	particlesDc007/particlesDc007	unsupported	
MS-Particles2006-07-15	particlesDc007/particlesDc007.v	unsupported	
MS-Particles2006-07-15	particlesDc008/particlesDc008	unsupported	
MS-Particles2006-07-15	particlesDc008/particlesDc008.i	unsupported	
MS-Particles2006-07-15	particlesDc009/particlesDc009	unsupported	
MS-Particles2006-07-15	particlesDc009/particlesDc009.i	unsupported	
MS-Particles2006-07-15	particlesEa023/particlesEa023	fail	
MS-Particles2006-07-15	particlesEa024/particlesEa024	fail	
MS-Particles2006-07-15	particlesEa025/particlesEa025	fail	
MS-Particles2006-07-15	particlesEb001/particlesEb001.v	fail	expected `a1` exactly once, found 0
MS-Particles2006-07-15	particlesEb015/particlesEb015	fail	
MS-Particles2006-07-15	particlesEb027/particlesEb027.v	fail	unexpected element `a1`; this content model allows a1, a2 in that order
MS-Particles2006-07-15	particlesEb033/particlesEb033.i	fail	
MS-Particles2006-07-15	particlesEb036/particlesEb036.v	fail	unexpected element `a1`; this content model allows a1, a2 in that order
MS-Particles2006-07-15	particlesEb038/particlesEb038.v	fail	unexpected element `a1`; this content model allows a1, a2 in that order
MS-Particles2006-07-15	particlesEc003/particlesEc003.i	fail	
MS-Particles2006-07-15	particlesEc005/particlesEc005.i	fail	
MS-Particles2006-07-15	particlesEc007/particlesEc007.i	fail	
MS-Particles2006-07-15	particlesEc009/particlesEc009	unsupported	
MS-Particles2006-07-15	particlesEc011/particlesEc011.i	fail	
MS-Particles2006-07-15	particlesEc013/particlesEc013.i	fail	
MS-Particles2006-07-15	particlesEc015/particlesEc015.i	fail	
MS-Particles2006-07-15	particlesEc022/particlesEc022.i	fail	
MS-Particles2006-07-15	particlesEc023/particlesEc023.i	fail	
MS-Particles2006-07-15	particlesEc026/particlesEc026.i	fail	
MS-Particles2006-07-15	particlesEc027/particlesEc027.i	fail	
MS-Particles2006-07-15	particlesEc028/particlesEc028.i	fail	
MS-Particles2006-07-15	particlesEc038/particlesEc038.i	fail	
MS-Particles2006-07-15	particlesEc039/particlesEc039.i	fail	
MS-Particles2006-07-15	particlesEd001/particlesEd001	fail	
MS-Particles2006-07-15	particlesFb001/particlesFb001.v	fail	`g2` is not one of the permitted choices (c1, c2)
MS-Particles2006-07-15	particlesFb002/particlesFb002	fail	
MS-Particles2006-07-15	particlesFb003/particlesFb003	fail	
MS-Particles2006-07-15	particlesFb004/particlesFb004.v	fail	`s1` is not one of the permitted choices (g1, g2)
MS-Particles2006-07-15	particlesHa003/particlesHa003	unsupported	
MS-Particles2006-07-15	particlesHa003/particlesHa003.v	unsupported	
MS-Particles2006-07-15	particlesHa004/particlesHa004	unsupported	
MS-Particles2006-07-15	particlesHa004/particlesHa004.v	unsupported	
MS-Particles2006-07-15	particlesHa008/particlesHa008	fail	
MS-Particles2006-07-15	particlesHa083/particlesHa083	fail	
MS-Particles2006-07-15	particlesHa142/particlesHa142	unsupported	
MS-Particles2006-07-15	particlesHa145/particlesHa145	unsupported	
MS-Particles2006-07-15	particlesHa146/particlesHa146	unsupported	
MS-Particles2006-07-15	particlesHa165/particlesHa165	unsupported	
MS-Particles2006-07-15	particlesHa167/particlesHa167	unsupported	
MS-Particles2006-07-15	particlesHb006/particlesHb006	unsupported	
MS-Particles2006-07-15	particlesHb007/particlesHb007	fail	
MS-Particles2006-07-15	particlesIa006/particlesIa006	fail	
MS-Particles2006-07-15	particlesIa008/particlesIa008	fail	
MS-Particles2006-07-15	particlesIc002/particlesIc002	unsupported	
MS-Particles2006-07-15	particlesIc003/particlesIc003	unsupported	
MS-Particles2006-07-15	particlesIc004/particlesIc004	unsupported	
MS-Particles2006-07-15	particlesIc005/particlesIc005	unsupported	
MS-Particles2006-07-15	particlesIc005/particlesIc005.v	unsupported	
MS-Particles2006-07-15	particlesIc006/particlesIc006	unsupported	
MS-Particles2006-07-15	particlesIc006/particlesIc006.v	unsupported	
MS-Particles2006-07-15	particlesIc007/particlesIc007	unsupported	
MS-Particles2006-07-15	particlesIc007/particlesIc007.v	unsupported	
MS-Particles2006-07-15	particlesIe001/particlesIe001	unsupported	
MS-Particles2006-07-15	particlesIe001/particlesIe001.v	unsupported	
MS-Particles2006-07-15	particlesIe005/particlesIe005	unsupported	
MS-Particles2006-07-15	particlesIe005/particlesIe005.v	unsupported	
MS-Particles2006-07-15	particlesIe007/particlesIe007	unsupported	
MS-Particles2006-07-15	particlesIe007/particlesIe007.v	unsupported	
MS-Particles2006-07-15	particlesIe010/particlesIe010	unsupported	
MS-Particles2006-07-15	particlesIe010/particlesIe010.v	unsupported	
MS-Particles2006-07-15	particlesIf001/particlesIf001	unsupported	
MS-Particles2006-07-15	particlesIf001/particlesIf001.v	unsupported	
MS-Particles2006-07-15	particlesIf002/particlesIf002	unsupported	
MS-Particles2006-07-15	particlesIf002/particlesIf002.v	unsupported	
MS-Particles2006-07-15	particlesIf003/particlesIf003	unsupported	
MS-Particles2006-07-15	particlesIf003/particlesIf003.v	unsupported	
MS-Particles2006-07-15	particlesIf004/particlesIf004	unsupported	
MS-Particles2006-07-15	particlesIf004/particlesIf004.v	unsupported	
MS-Particles2006-07-15	particlesIf007/particlesIf007	fail	
MS-Particles2006-07-15	particlesIf008/particlesIf008	fail	
MS-Particles2006-07-15	particlesIf009/particlesIf009	fail	
MS-Particles2006-07-15	particlesIg001/particlesIg001	unsupported	
MS-Particles2006-07-15	particlesIg001/particlesIg001.v	unsupported	
MS-Particles2006-07-15	particlesIg002/particlesIg002	unsupported	
MS-Particles2006-07-15	particlesIg002/particlesIg002.v	unsupported	
MS-Particles2006-07-15	particlesIg003/particlesIg003	unsupported	
MS-Particles2006-07-15	particlesIg003/particlesIg003.v	unsupported	
MS-Particles2006-07-15	particlesIg004/particlesIg004	unsupported	
MS-Particles2006-07-15	particlesIg005/particlesIg005	unsupported	
MS-Particles2006-07-15	particlesIg005/particlesIg005.v	unsupported	
MS-Particles2006-07-15	particlesIg006/particlesIg006	unsupported	
MS-Particles2006-07-15	particlesIg007/particlesIg007	unsupported	
MS-Particles2006-07-15	particlesIg008/particlesIg008	unsupported	
MS-Particles2006-07-15	particlesIg009/particlesIg009	unsupported	
MS-Particles2006-07-15	particlesIg010/particlesIg010	unsupported	
MS-Particles2006-07-15	particlesIg011/particlesIg011	unsupported	
MS-Particles2006-07-15	particlesIg011/particlesIg011.v	unsupported	
MS-Particles2006-07-15	particlesIg012/particlesIg012	unsupported	
MS-Particles2006-07-15	particlesIg012/particlesIg012.v	unsupported	
MS-Particles2006-07-15	particlesIg013/particlesIg013	unsupported	
MS-Particles2006-07-15	particlesIg014/particlesIg014	unsupported	
MS-Particles2006-07-15	particlesIg014/particlesIg014.v	unsupported	
MS-Particles2006-07-15	particlesIg015/particlesIg015	unsupported	
MS-Particles2006-07-15	particlesIg015/particlesIg015.v	unsupported	
MS-Particles2006-07-15	particlesIg016/particlesIg016	unsupported	
MS-Particles2006-07-15	particlesIh001/particlesIh001	unsupported	
MS-Particles2006-07-15	particlesIj008/particlesIj008	fail	
MS-Particles2006-07-15	particlesIj014/particlesIj014	fail	this content model is not a valid restriction of `x:B`
MS-Particles2006-07-15	particlesIj015/particlesIj015	fail	
MS-Particles2006-07-15	particlesIj016/particlesIj016	fail	
MS-Particles2006-07-15	particlesIk002/particlesIk002	fail	
MS-Particles2006-07-15	particlesIk003/particlesIk003	fail	
MS-Particles2006-07-15	particlesIk005/particlesIk005	fail	
MS-Particles2006-07-15	particlesIk006/particlesIk006	fail	
MS-Particles2006-07-15	particlesIk007/particlesIk007	fail	
MS-Particles2006-07-15	particlesIk008/particlesIk008	fail	
MS-Particles2006-07-15	particlesIk009/particlesIk009	fail	
MS-Particles2006-07-15	particlesIk010/particlesIk010	fail	
MS-Particles2006-07-15	particlesIk011/particlesIk011	fail	
MS-Particles2006-07-15	particlesIk013/particlesIk013	fail	
MS-Particles2006-07-15	particlesIk015/particlesIk015	fail	
MS-Particles2006-07-15	particlesIk016/particlesIk016	fail	
MS-Particles2006-07-15	particlesIk019/particlesIk019	fail	
MS-Particles2006-07-15	particlesIk020/particlesIk020	fail	
MS-Particles2006-07-15	particlesIk021/particlesIk021	fail	
MS-Particles2006-07-15	particlesIk022/particlesIk022	fail	
MS-Particles2006-07-15	particlesIk024/particlesIk024	fail	
MS-Particles2006-07-15	particlesIk025/particlesIk025	fail	
MS-Particles2006-07-15	particlesIk027/particlesIk027	fail	
MS-Particles2006-07-15	particlesJg001/particlesJg001	unsupported	
MS-Particles2006-07-15	particlesJl002/particlesJl002	fail	
MS-Particles2006-07-15	particlesJl003/particlesJl003	fail	
MS-Particles2006-07-15	particlesJr001/particlesJr001	unsupported	
MS-Particles2006-07-15	particlesJr002/particlesJr002	fail	
MS-Particles2006-07-15	particlesJs002/particlesJs002	fail	
MS-Particles2006-07-15	particlesJs003/particlesJs003	fail	
MS-Particles2006-07-15	particlesJs004/particlesJs004	fail	
MS-Particles2006-07-15	particlesK005/particlesK005	unsupported	
MS-Particles2006-07-15	particlesK005/particlesK005.v	unsupported	
MS-Particles2006-07-15	particlesL001/particlesL001	unsupported	
MS-Particles2006-07-15	particlesL002/particlesL002	unsupported	
MS-Particles2006-07-15	particlesL010/particlesL010	fail	
MS-Particles2006-07-15	particlesL012/particlesL012	unsupported	
MS-Particles2006-07-15	particlesL012/particlesL012.v	unsupported	
MS-Particles2006-07-15	particlesL013/particlesL013	unsupported	
MS-Particles2006-07-15	particlesL013/particlesL013.v	unsupported	
MS-Particles2006-07-15	particlesL014/particlesL014	unsupported	
MS-Particles2006-07-15	particlesL015/particlesL015	unsupported	
MS-Particles2006-07-15	particlesL016/particlesL016	unsupported	
MS-Particles2006-07-15	particlesL017/particlesL017	unsupported	
MS-Particles2006-07-15	particlesL017/particlesL017.v	unsupported	
MS-Particles2006-07-15	particlesL018/particlesL018	unsupported	
MS-Particles2006-07-15	particlesL018/particlesL018.v	unsupported	
MS-Particles2006-07-15	particlesL019/particlesL019	unsupported	
MS-Particles2006-07-15	particlesL020/particlesL020	unsupported	
MS-Particles2006-07-15	particlesL021/particlesL021	unsupported	
MS-Particles2006-07-15	particlesL021/particlesL021.v	unsupported	
MS-Particles2006-07-15	particlesL022/particlesL022	unsupported	
MS-Particles2006-07-15	particlesL023/particlesL023	unsupported	
MS-Particles2006-07-15	particlesL023/particlesL023.v	unsupported	
MS-Particles2006-07-15	particlesL024/particlesL024	unsupported	
MS-Particles2006-07-15	particlesL025/particlesL025	unsupported	
MS-Particles2006-07-15	particlesL025/particlesL025.v	unsupported	
MS-Particles2006-07-15	particlesL026/particlesL026	unsupported	
MS-Particles2006-07-15	particlesL027/particlesL027	unsupported	
MS-Particles2006-07-15	particlesL028/particlesL028	unsupported	
MS-Particles2006-07-15	particlesL028/particlesL028.v	unsupported	
MS-Particles2006-07-15	particlesL029/particlesL029	unsupported	
MS-Particles2006-07-15	particlesL029/particlesL029.v	unsupported	
MS-Particles2006-07-15	particlesL030/particlesL030	fail	
MS-Particles2006-07-15	particlesM002/particlesM002	unsupported	
MS-Particles2006-07-15	particlesM002/particlesM002.v	unsupported	
MS-Particles2006-07-15	particlesM035/particlesM035	unsupported	
MS-Particles2006-07-15	particlesM035/particlesM035.v	unsupported	
MS-Particles2006-07-15	particlesOa004/particlesOa004	fail	
MS-Particles2006-07-15	particlesOa008/particlesOa008	fail	
MS-Particles2006-07-15	particlesOb001/particlesOb001.i	fail	
MS-Particles2006-07-15	particlesOb002/particlesOb002.i	fail	
MS-Particles2006-07-15	particlesOb003/particlesOb003.v	fail	`other` matched a strict wildcard but has no declaration
MS-Particles2006-07-15	particlesOb004/particlesOb004.i	fail	
MS-Particles2006-07-15	particlesOb006/particlesOb006.v	fail	`bar` matched a strict wildcard but has no declaration
MS-Particles2006-07-15	particlesOb008/particlesOb008.i	fail	
MS-Particles2006-07-15	particlesOb009/particlesOb009.i	fail	
MS-Particles2006-07-15	particlesOb012/particlesOb012.v	fail	`foo` matched a strict wildcard but has no declaration
MS-Particles2006-07-15	particlesOb013/particlesOb013.i	fail	
MS-Particles2006-07-15	particlesOb014/particlesOb014	fail	
MS-Particles2006-07-15	particlesOb015/particlesOb015.v	fail	`foo` matched a strict wildcard but has no declaration
MS-Particles2006-07-15	particlesOb016/particlesOb016	fail	
MS-Particles2006-07-15	particlesOb017/particlesOb017	fail	
MS-Particles2006-07-15	particlesOb018/particlesOb018.i	fail	
MS-Particles2006-07-15	particlesOb021/particlesOb021	fail	
MS-Particles2006-07-15	particlesOb022/particlesOb022.v	fail	`e1` matched a strict wildcard but has no declaration
MS-Particles2006-07-15	particlesOb030/particlesOb030	fail	
MS-Particles2006-07-15	particlesOb039/particlesOb039	fail	
MS-Particles2006-07-15	particlesOb042/particlesOb042.v	fail	`e1` matched a strict wildcard but has no declaration
MS-Particles2006-07-15	particlesOb047/particlesOb047.v	fail	`e1` matched a strict wildcard but has no declaration
MS-Particles2006-07-15	particlesOb048/particlesOb048.v	fail	`e1` matched a strict wildcard but has no declaration
MS-Particles2006-07-15	particlesOb051/particlesOb051	fail	
MS-Particles2006-07-15	particlesOb052/particlesOb052.v	fail	`e1` matched a strict wildcard but has no declaration
MS-Particles2006-07-15	particlesOb054/particlesOb054.v	fail	`e1` matched a strict wildcard but has no declaration
MS-Particles2006-07-15	particlesOb057/particlesOb057.v	fail	`a` matched a strict wildcard but has no declaration
MS-Particles2006-07-15	particlesOb059/particlesOb059.v	fail	`e1` matched a strict wildcard but has no declaration
MS-Particles2006-07-15	particlesOb060/particlesOb060.v	fail	`e1` matched a strict wildcard but has no declaration
MS-Particles2006-07-15	particlesQ007/particlesQ007	unsupported	
MS-Particles2006-07-15	particlesQ007/particlesQ007.v	unsupported	
MS-Particles2006-07-15	particlesQ011/particlesQ011	unsupported	
MS-Particles2006-07-15	particlesQ011/particlesQ011.v	unsupported	
MS-Particles2006-07-15	particlesQ013/particlesQ013	unsupported	
MS-Particles2006-07-15	particlesQ013/particlesQ013.v	unsupported	
MS-Particles2006-07-15	particlesQ018/particlesQ018	fail	
MS-Particles2006-07-15	particlesQ019/particlesQ019	fail	
MS-Particles2006-07-15	particlesQ021/particlesQ021	fail	
MS-Particles2006-07-15	particlesQ023/particlesQ023	fail	
MS-Particles2006-07-15	particlesQ025/particlesQ025	fail	
MS-Particles2006-07-15	particlesQ026/particlesQ026	fail	
MS-Particles2006-07-15	particlesQ027/particlesQ027	fail	
MS-Particles2006-07-15	particlesQ028/particlesQ028	fail	
MS-Particles2006-07-15	particlesQ030/particlesQ030	unsupported	
MS-Particles2006-07-15	particlesQ030/particlesQ030.v	unsupported	
MS-Particles2006-07-15	particlesQ031/particlesQ031	fail	
MS-Particles2006-07-15	particlesQ032/particlesQ032	unsupported	
MS-Particles2006-07-15	particlesQ032/particlesQ032.v	unsupported	
MS-Particles2006-07-15	particlesR007/particlesR007.v	fail	expected `e2` exactly 2 times, found 0
MS-Particles2006-07-15	particlesR008/particlesR008.v	fail	expected `e2` between 1 and 2 times, found 0
MS-Particles2006-07-15	particlesR012/particlesR012	unsupported	
MS-Particles2006-07-15	particlesR012/particlesR012.v	unsupported	
MS-Particles2006-07-15	particlesR013/particlesR013	unsupported	
MS-Particles2006-07-15	particlesR013/particlesR013.v	unsupported	
MS-Particles2006-07-15	particlesR017/particlesR017.v	fail	expected `impElem1` exactly once, found 0
MS-Particles2006-07-15	particlesR018/particlesR018	fail	
MS-Particles2006-07-15	particlesR019/particlesR019	fail	
MS-Particles2006-07-15	particlesR020/particlesR020.v	fail	expected `impElem1` exactly once, found 0
MS-Particles2006-07-15	particlesR021/particlesR021	fail	
MS-Particles2006-07-15	particlesR023/particlesR023	fail	
MS-Particles2006-07-15	particlesR025/particlesR025	fail	
MS-Particles2006-07-15	particlesR026/particlesR026	fail	
MS-Particles2006-07-15	particlesR027/particlesR027	fail	
MS-Particles2006-07-15	particlesR028/particlesR028	fail	
MS-Particles2006-07-15	particlesR031/particlesR031	fail	
MS-Particles2006-07-15	particlesS002/particlesS002	fail	
MS-Particles2006-07-15	particlesS009/particlesS009	fail	
MS-Particles2006-07-15	particlesT001/particlesT001.v	fail	expected `c2` exactly once, found 0
MS-Particles2006-07-15	particlesT003/particlesT003.v	fail	expected `c1` exactly once, found 0
MS-Particles2006-07-15	particlesT004/particlesT004.v	fail	expected `c1` exactly once, found 0
MS-Particles2006-07-15	particlesT006/particlesT006.v	fail	expected `c2` exactly once, found 0
MS-Particles2006-07-15	particlesT007/particlesT007	unsupported	
MS-Particles2006-07-15	particlesT007/particlesT007.v	unsupported	
MS-Particles2006-07-15	particlesT010/particlesT010	unsupported	
MS-Particles2006-07-15	particlesT012/particlesT012	unsupported	
MS-Particles2006-07-15	particlesT012/particlesT012.v	unsupported	
MS-Particles2006-07-15	particlesT013/particlesT013	unsupported	
MS-Particles2006-07-15	particlesT013/particlesT013.v	unsupported	
MS-Particles2006-07-15	particlesT014/particlesT014	unsupported	
MS-Particles2006-07-15	particlesT014/particlesT014.v	unsupported	
MS-Particles2006-07-15	particlesU009/particlesU009	fail	
MS-Particles2006-07-15	particlesV001/particlesV001	unsupported	
MS-Particles2006-07-15	particlesV003/particlesV003	fail	this content model is not a valid restriction of `x:B`
MS-Particles2006-07-15	particlesV003/particlesV003.v	blocked	
MS-Particles2006-07-15	particlesV004/particlesV004	unsupported	
MS-Particles2006-07-15	particlesV004/particlesV004.v	unsupported	
MS-Particles2006-07-15	particlesV005/particlesV005	unsupported	
MS-Particles2006-07-15	particlesV006/particlesV006	unsupported	
MS-Particles2006-07-15	particlesV006/particlesV006.v	unsupported	
MS-Particles2006-07-15	particlesV007/particlesV007	unsupported	
MS-Particles2006-07-15	particlesV007/particlesV007.v	unsupported	
MS-Particles2006-07-15	particlesV008/particlesV008	unsupported	
MS-Particles2006-07-15	particlesV008/particlesV008.v	unsupported	
MS-Particles2006-07-15	particlesV009/particlesV009	unsupported	
MS-Particles2006-07-15	particlesV009/particlesV009.v	unsupported	
MS-Particles2006-07-15	particlesV010/particlesV010	unsupported	
MS-Particles2006-07-15	particlesV010/particlesV010.v	unsupported	
MS-Particles2006-07-15	particlesV011/particlesV011	unsupported	
MS-Particles2006-07-15	particlesV011/particlesV011.v	unsupported	
MS-Particles2006-07-15	particlesV012/particlesV012	unsupported	
MS-Particles2006-07-15	particlesV012/particlesV012.v	unsupported	
MS-Particles2006-07-15	particlesV013/particlesV013	unsupported	
MS-Particles2006-07-15	particlesV013/particlesV013.v	unsupported	
MS-Particles2006-07-15	particlesV014/particlesV014	unsupported	
MS-Particles2006-07-15	particlesV014/particlesV014.v	unsupported	
MS-Particles2006-07-15	particlesV015/particlesV015	unsupported	
MS-Particles2006-07-15	particlesV015/particlesV015.v	unsupported	
MS-Particles2006-07-15	particlesV017/particlesV017	fail	
MS-Particles2006-07-15	particlesV020/particlesV020	unsupported	
MS-Particles2006-07-15	particlesW006/particlesW006	fail	this content model is not a valid restriction of `x:B`
MS-Particles2006-07-15	particlesW011/particlesW011	unsupported	
MS-Particles2006-07-15	particlesW011/particlesW011.v	unsupported	
MS-Particles2006-07-15	particlesW014/particlesW014	fail	
MS-Particles2006-07-15	particlesW016/particlesW016	unsupported	
MS-Particles2006-07-15	particlesW016/particlesW016.v	unsupported	
MS-Particles2006-07-15	particlesZ001/particlesZ001	fail	this content model is not a valid restriction of `a:Base`
MS-Particles2006-07-15	particlesZ001/particlesZ001.i	blocked	
MS-Particles2006-07-15	particlesZ007/particlesZ007	unsupported	
MS-Particles2006-07-15	particlesZ007/particlesZ007.i	unsupported	
MS-Particles2006-07-15	particlesZ008/particlesZ008	unsupported	
MS-Particles2006-07-15	particlesZ008/particlesZ008.v	unsupported	
MS-Particles2006-07-15	particlesZ010/particlesZ010	unsupported	
MS-Particles2006-07-15	particlesZ011/particlesZ011	unsupported	
MS-Particles2006-07-15	particlesZ012/particlesZ012	unsupported	
MS-Particles2006-07-15	particlesZ012/particlesZ012.v	unsupported	
MS-Particles2006-07-15	particlesZ013/particlesZ013	fail	
MS-Particles2006-07-15	particlesZ014/particlesZ014	unsupported	
MS-Particles2006-07-15	particlesZ015/particlesZ015	unsupported	
MS-Particles2006-07-15	particlesZ015/particlesZ015.i	unsupported	
MS-Particles2006-07-15	particlesZ016/particlesZ016	unsupported	
MS-Particles2006-07-15	particlesZ016/particlesZ016.i	unsupported	
MS-Particles2006-07-15	particlesZ017/particlesZ017	fail	
MS-Particles2006-07-15	particlesZ018/particlesZ018	fail	
MS-Particles2006-07-15	particlesZ020/particlesZ020	unsupported	
MS-Particles2006-07-15	particlesZ021/particlesZ021	unsupported	
MS-Particles2006-07-15	particlesZ022/particlesZ022	unsupported	
MS-Particles2006-07-15	particlesZ023/particlesZ023	fail	
MS-Particles2006-07-15	particlesZ025/particlesZ025.v	blocked	
MS-Particles2006-07-15	particlesZ026/particlesZ026	unsupported	
MS-Particles2006-07-15	particlesZ026/particlesZ026.v	unsupported	
MS-Particles2006-07-15	particlesZ028/particlesZ028	unsupported	
MS-Particles2006-07-15	particlesZ030_d/particlesZ030_d	fail	
MS-Particles2006-07-15	particlesZ033_a/particlesZ033_a	unsupported	
MS-Particles2006-07-15	particlesZ033_c/particlesZ033_c	unsupported	
MS-Particles2006-07-15	particlesZ033_d/particlesZ033_d	unsupported	
MS-Particles2006-07-15	particlesZ033_e/particlesZ033_e	unsupported	
MS-Particles2006-07-15	particlesZ033_f/particlesZ033_f	unsupported	
MS-Particles2006-07-15	particlesZ033_g/particlesZ033_g	unsupported	
MS-Particles2006-07-15	particlesZ035_a/particlesZ035_a	unsupported	
MS-Particles2006-07-15	particlesZ035_a/particlesZ035_a.i	unsupported	
MS-Particles2006-07-15	particlesZ036_a/particlesZ036_a.i	fail	
MS-Particles2006-07-15	particlesZ036_b1/particlesZ036_b1	unsupported	
MS-Particles2006-07-15	particlesZ036_b1/particlesZ036_b1.i	unsupported	
MS-Particles2006-07-15	particlesZ036_b2/particlesZ036_b2	unsupported	
MS-Particles2006-07-15	particlesZ036_b2/particlesZ036_b2.i	unsupported	
MS-Particles2006-07-15	particlesZ036_c/particlesZ036_c	unsupported	
MS-Particles2006-07-15	particlesZ036_c/particlesZ036_c.v	unsupported	
MS-Particles2006-07-15	particlesZ037/particlesZ037	fail	
MS-Particles2006-07-15	particlesZ039/particlesZ039	fail	
MS-Particles2006-07-15	particlesZ040/particlesZ040	unsupported	
MS-Particles2006-07-15	particlesZ040/particlesZ040.i	unsupported	
MS-DataTypes2006-07-15	positiveInteger_fractionDigits004_1014/positiveInteger_fractionDigits004_1014	fail	
MS-DataTypes2006-07-15	positiveInteger_fractionDigits007_1017/positiveInteger_fractionDigits007_1017	fail	
MS-DataTypes2006-07-15	positiveInteger_fractionDigits008_1018/positiveInteger_fractionDigits008_1018	fail	
MS-DataTypes2006-07-15	positiveInteger_maxInclusive004_993/positiveInteger_maxInclusive004_993	fail	
MS-DataTypes2006-07-15	positiveInteger_minExclusive004_1004/positiveInteger_minExclusive004_1004	fail	
MS-DataTypes2006-07-15	positiveInteger_minInclusive004_1000/positiveInteger_minInclusive004_1000	fail	
MS-DataTypes2006-07-15	positiveInteger_totalDigits003_1007/positiveInteger_totalDigits003_1007	fail	
Wildcard	pscontents00102m1/Positive	fail	matched a strict wildcard but has no declaration
Wildcard	pscontents00302m1/Negative	fail	
CType	psubstitutions00101m/pSubstitutions00101m1_n	fail	
CType	psubstitutions00101m/pSubstitutions00101m1_p	fail	unexpected element `d`; this content model allows c in that order
CType	psubstitutions00101m/pSubstitutions00101m2_n	fail	
CType	psubstitutions00102m/pSubstitutions00102m	unsupported	
CType	psubstitutions00102m/pSubstitutions00102m1_n	unsupported	
CType	psubstitutions00102m/pSubstitutions00102m1_p	unsupported	
CType	psubstitutions00102m/pSubstitutions00102m2_n	unsupported	
CType	psubstitutions00102m/pSubstitutions00102m2_p	unsupported	
CType	psubstitutions00103m/pSubstitutions00103m	unsupported	
CType	psubstitutions00103m/pSubstitutions00103m1_n	unsupported	
CType	psubstitutions00103m/pSubstitutions00103m1_p	unsupported	
CType	psubstitutions00103m/pSubstitutions00103m2_n	unsupported	
CType	psubstitutions00103m/pSubstitutions00103m2_p	unsupported	
CType	psubstitutions00104m/pSubstitutions00104m	unsupported	
CType	psubstitutions00104m/pSubstitutions00104m1_n	unsupported	
CType	psubstitutions00104m/pSubstitutions00104m1_p	unsupported	
CType	psubstitutions00104m/pSubstitutions00104m2_n	unsupported	
CType	psubstitutions00104m/pSubstitutions00104m2_p	unsupported	
Notation	publicid00101m1/Positive	unsupported	
Notation	publicid00101m1/publicId00101m1	unsupported	
Notation	publicid00201m1/publicId00201m1	unsupported	
MS-Regex2006-07-15	reB62/reB62	unsupported	
MS-Regex2006-07-15	reB63/reB63	unsupported	
MS-Regex2006-07-15	reB64/reB64	unsupported	
MS-Regex2006-07-15	reB65/reB65	fail	
MS-Regex2006-07-15	reB79/reB79	fail	
MS-Regex2006-07-15	reB80/reB80	fail	
MS-Regex2006-07-15	reC65/reC65	unsupported	
MS-Regex2006-07-15	reC65/reC65.i	unsupported	
MS-Regex2006-07-15	reC66/reC66	unsupported	
MS-Regex2006-07-15	reC66/reC66.i	unsupported	
MS-Regex2006-07-15	reC67/reC67	unsupported	
MS-Regex2006-07-15	reC67/reC67.i	unsupported	
MS-Regex2006-07-15	reC68/reC68	unsupported	
MS-Regex2006-07-15	reC68/reC68.i	unsupported	
MS-Regex2006-07-15	reC69/reC69	fail	
MS-Regex2006-07-15	reD10/reD10	unsupported	
MS-Regex2006-07-15	reD11/reD11	unsupported	
MS-Regex2006-07-15	reD12/reD12	unsupported	
MS-Regex2006-07-15	reD9/reD9	unsupported	
MS-Regex2006-07-15	reDG2/reDG2	unsupported	
MS-Regex2006-07-15	reDG2/reDG2.i	unsupported	
MS-Regex2006-07-15	reDH7/reDH7	unsupported	
MS-Regex2006-07-15	reDH7/reDH7.v	unsupported	
MS-Regex2006-07-15	reDH7a/reDH7a.i	fail	
MS-Regex2006-07-15	reE11/reE11	unsupported	
MS-Regex2006-07-15	reE2/reE2	unsupported	
MS-Regex2006-07-15	reE3/reE3	unsupported	
MS-Regex2006-07-15	reE4/reE4	unsupported	
MS-Regex2006-07-15	reE5/reE5	unsupported	
MS-Regex2006-07-15	reE8/reE8	unsupported	
MS-Regex2006-07-15	reE9/reE9	unsupported	
MS-Regex2006-07-15	reF40/reF40	unsupported	
MS-Regex2006-07-15	reF40/reF40.v	unsupported	
MS-Regex2006-07-15	reF41/reF41	unsupported	
MS-Regex2006-07-15	reF41/reF41.i	unsupported	
MS-Regex2006-07-15	reF42/reF42	unsupported	
MS-Regex2006-07-15	reF42/reF42.i	unsupported	
MS-Regex2006-07-15	reF43/reF43	unsupported	
MS-Regex2006-07-15	reF43/reF43.v	unsupported	
MS-Regex2006-07-15	reF57/reF57	fail	
MS-Regex2006-07-15	reG34/reG34	fail	
MS-Regex2006-07-15	reG35/reG35	fail	
MS-Regex2006-07-15	reG37/reG37	fail	
MS-Regex2006-07-15	reG46/reG46	fail	
MS-Regex2006-07-15	reG50/reG50.i	fail	
MS-Regex2006-07-15	reH1/reH1	unsupported	
MS-Regex2006-07-15	reJ11/reJ11.i	fail	
MS-Regex2006-07-15	reJ13/reJ13.i	fail	
MS-Regex2006-07-15	reJ15/reJ15	unsupported	
MS-Regex2006-07-15	reJ15/reJ15.v	unsupported	
MS-Regex2006-07-15	reJ16/reJ16	unsupported	
MS-Regex2006-07-15	reJ16/reJ16.i	unsupported	
MS-Regex2006-07-15	reJ17/reJ17	unsupported	
MS-Regex2006-07-15	reJ17/reJ17.v	unsupported	
MS-Regex2006-07-15	reJ18/reJ18	unsupported	
MS-Regex2006-07-15	reJ18/reJ18.i	unsupported	
MS-Regex2006-07-15	reJ19/reJ19	unsupported	
MS-Regex2006-07-15	reJ19/reJ19.i	unsupported	
MS-Regex2006-07-15	reJ20/reJ20	unsupported	
MS-Regex2006-07-15	reJ20/reJ20.i	unsupported	
MS-Regex2006-07-15	reJ21/reJ21	unsupported	
MS-Regex2006-07-15	reJ21/reJ21.i	unsupported	
MS-Regex2006-07-15	reJ22/reJ22	unsupported	
MS-Regex2006-07-15	reJ22/reJ22.i	unsupported	
MS-Regex2006-07-15	reJ23/reJ23	unsupported	
MS-Regex2006-07-15	reJ23/reJ23.i	unsupported	
MS-Regex2006-07-15	reJ24/reJ24	unsupported	
MS-Regex2006-07-15	reJ24/reJ24.i	unsupported	
MS-Regex2006-07-15	reJ25/reJ25	unsupported	
MS-Regex2006-07-15	reJ25/reJ25.i	unsupported	
MS-Regex2006-07-15	reJ26/reJ26	unsupported	
MS-Regex2006-07-15	reJ26/reJ26.i	unsupported	
MS-Regex2006-07-15	reJ27/reJ27	unsupported	
MS-Regex2006-07-15	reJ27/reJ27.v	unsupported	
MS-Regex2006-07-15	reJ28/reJ28	unsupported	
MS-Regex2006-07-15	reJ28/reJ28.i	unsupported	
MS-Regex2006-07-15	reJ29/reJ29.i	fail	
MS-Regex2006-07-15	reJ31/reJ31.i	fail	
MS-Regex2006-07-15	reJ33/reJ33	unsupported	
MS-Regex2006-07-15	reJ33/reJ33.i	unsupported	
MS-Regex2006-07-15	reJ34/reJ34	unsupported	
MS-Regex2006-07-15	reJ34/reJ34.i	unsupported	
MS-Regex2006-07-15	reJ35/reJ35	unsupported	
MS-Regex2006-07-15	reJ35/reJ35.i	unsupported	
MS-Regex2006-07-15	reJ36/reJ36	unsupported	
MS-Regex2006-07-15	reJ36/reJ36.i	unsupported	
MS-Regex2006-07-15	reJ37/reJ37	unsupported	
MS-Regex2006-07-15	reJ37/reJ37.v	unsupported	
MS-Regex2006-07-15	reJ38/reJ38	unsupported	
MS-Regex2006-07-15	reJ38/reJ38.i	unsupported	
MS-Regex2006-07-15	reJ40/reJ40	unsupported	
MS-Regex2006-07-15	reJ40/reJ40.i	unsupported	
MS-Regex2006-07-15	reJ41/reJ41	unsupported	
MS-Regex2006-07-15	reJ41/reJ41.v	unsupported	
MS-Regex2006-07-15	reJ42/reJ42	unsupported	
MS-Regex2006-07-15	reJ42/reJ42.i	unsupported	
MS-Regex2006-07-15	reJ43/reJ43	unsupported	
MS-Regex2006-07-15	reJ43/reJ43.v	unsupported	
MS-Regex2006-07-15	reJ44/reJ44	unsupported	
MS-Regex2006-07-15	reJ44/reJ44.i	unsupported	
MS-Regex2006-07-15	reJ45/reJ45	unsupported	
MS-Regex2006-07-15	reJ45/reJ45.v	unsupported	
MS-Regex2006-07-15	reJ46/reJ46	unsupported	
MS-Regex2006-07-15	reJ46/reJ46.i	unsupported	
MS-Regex2006-07-15	reJ47/reJ47	unsupported	
MS-Regex2006-07-15	reJ47/reJ47.v	unsupported	
MS-Regex2006-07-15	reJ48/reJ48	unsupported	
MS-Regex2006-07-15	reJ48/reJ48.i	unsupported	
MS-Regex2006-07-15	reJ49/reJ49	unsupported	
MS-Regex2006-07-15	reJ49/reJ49.v	unsupported	
MS-Regex2006-07-15	reJ50/reJ50	unsupported	
MS-Regex2006-07-15	reJ50/reJ50.i	unsupported	
MS-Regex2006-07-15	reJ51/reJ51	unsupported	
MS-Regex2006-07-15	reJ51/reJ51.v	unsupported	
MS-Regex2006-07-15	reJ52/reJ52	unsupported	
MS-Regex2006-07-15	reJ52/reJ52.i	unsupported	
MS-Regex2006-07-15	reJ56/reJ56.i	fail	
MS-Regex2006-07-15	reJ57/reJ57	unsupported	
MS-Regex2006-07-15	reJ57/reJ57.v	unsupported	
MS-Regex2006-07-15	reJ58/reJ58	unsupported	
MS-Regex2006-07-15	reJ58/reJ58.i	unsupported	
MS-Regex2006-07-15	reJ59/reJ59	unsupported	
MS-Regex2006-07-15	reJ59/reJ59.v	unsupported	
MS-Regex2006-07-15	reJ60/reJ60	unsupported	
MS-Regex2006-07-15	reJ60/reJ60.i	unsupported	
MS-Regex2006-07-15	reJ61/reJ61	unsupported	
MS-Regex2006-07-15	reJ61/reJ61.i	unsupported	
MS-Regex2006-07-15	reJ62/reJ62	unsupported	
MS-Regex2006-07-15	reJ62/reJ62.i	unsupported	
MS-Regex2006-07-15	reJ63/reJ63	unsupported	
MS-Regex2006-07-15	reJ63/reJ63.v	unsupported	
MS-Regex2006-07-15	reJ64/reJ64	unsupported	
MS-Regex2006-07-15	reJ64/reJ64.i	unsupported	
MS-Regex2006-07-15	reJ65/reJ65	unsupported	
MS-Regex2006-07-15	reJ65/reJ65.v	unsupported	
MS-Regex2006-07-15	reJ66/reJ66	unsupported	
MS-Regex2006-07-15	reJ66/reJ66.i	unsupported	
MS-Regex2006-07-15	reJ67/reJ67	unsupported	
MS-Regex2006-07-15	reJ67/reJ67.v	unsupported	
MS-Regex2006-07-15	reJ68/reJ68	unsupported	
MS-Regex2006-07-15	reJ68/reJ68.i	unsupported	
MS-Regex2006-07-15	reJ69/reJ69	unsupported	
MS-Regex2006-07-15	reJ69/reJ69.i	unsupported	
MS-Regex2006-07-15	reJ70/reJ70	unsupported	
MS-Regex2006-07-15	reJ70/reJ70.i	unsupported	
MS-Regex2006-07-15	reJ75/reJ75	unsupported	
MS-Regex2006-07-15	reJ75/reJ75.i	unsupported	
MS-Regex2006-07-15	reJ76/reJ76	unsupported	
MS-Regex2006-07-15	reJ76/reJ76.i	unsupported	
MS-Regex2006-07-15	reJ77/reJ77	unsupported	
MS-Regex2006-07-15	reJ77/reJ77.i	unsupported	
MS-Regex2006-07-15	reJ78/reJ78	unsupported	
MS-Regex2006-07-15	reJ78/reJ78.i	unsupported	
MS-Regex2006-07-15	reJ80/reJ80	unsupported	
MS-Regex2006-07-15	reJ80/reJ80.i	unsupported	
MS-Regex2006-07-15	reK15/reK15	unsupported	
MS-Regex2006-07-15	reK15/reK15.i	unsupported	
MS-Regex2006-07-15	reK16/reK16	unsupported	
MS-Regex2006-07-15	reK16/reK16.v	unsupported	
MS-Regex2006-07-15	reK17/reK17	unsupported	
MS-Regex2006-07-15	reK17/reK17.i	unsupported	
MS-Regex2006-07-15	reK18/reK18	unsupported	
MS-Regex2006-07-15	reK18/reK18.v	unsupported	
MS-Regex2006-07-15	reK19/reK19	unsupported	
MS-Regex2006-07-15	reK19/reK19.i	unsupported	
MS-Regex2006-07-15	reK20/reK20	unsupported	
MS-Regex2006-07-15	reK20/reK20.v	unsupported	
MS-Regex2006-07-15	reK21/reK21	unsupported	
MS-Regex2006-07-15	reK21/reK21.i	unsupported	
MS-Regex2006-07-15	reK22/reK22	unsupported	
MS-Regex2006-07-15	reK22/reK22.v	unsupported	
MS-Regex2006-07-15	reK23/reK23	unsupported	
MS-Regex2006-07-15	reK23/reK23.i	unsupported	
MS-Regex2006-07-15	reK24/reK24	unsupported	
MS-Regex2006-07-15	reK24/reK24.v	unsupported	
MS-Regex2006-07-15	reK25/reK25	unsupported	
MS-Regex2006-07-15	reK25/reK25.i	unsupported	
MS-Regex2006-07-15	reK26/reK26	unsupported	
MS-Regex2006-07-15	reK26/reK26.v	unsupported	
MS-Regex2006-07-15	reK27/reK27	unsupported	
MS-Regex2006-07-15	reK27/reK27.i	unsupported	
MS-Regex2006-07-15	reK28/reK28	unsupported	
MS-Regex2006-07-15	reK28/reK28.v	unsupported	
MS-Regex2006-07-15	reK33/reK33	unsupported	
MS-Regex2006-07-15	reK33/reK33.i	unsupported	
MS-Regex2006-07-15	reK34/reK34	unsupported	
MS-Regex2006-07-15	reK34/reK34.v	unsupported	
MS-Regex2006-07-15	reK35/reK35	unsupported	
MS-Regex2006-07-15	reK35/reK35.i	unsupported	
MS-Regex2006-07-15	reK36/reK36	unsupported	
MS-Regex2006-07-15	reK36/reK36.v	unsupported	
MS-Regex2006-07-15	reK37/reK37	unsupported	
MS-Regex2006-07-15	reK37/reK37.i	unsupported	
MS-Regex2006-07-15	reK38/reK38	unsupported	
MS-Regex2006-07-15	reK38/reK38.v	unsupported	
MS-Regex2006-07-15	reK39/reK39	unsupported	
MS-Regex2006-07-15	reK39/reK39.i	unsupported	
MS-Regex2006-07-15	reK40/reK40	unsupported	
MS-Regex2006-07-15	reK40/reK40.v	unsupported	
MS-Regex2006-07-15	reK41/reK41	unsupported	
MS-Regex2006-07-15	reK41/reK41.i	unsupported	
MS-Regex2006-07-15	reK42/reK42	unsupported	
MS-Regex2006-07-15	reK42/reK42.v	unsupported	
MS-Regex2006-07-15	reK43/reK43	unsupported	
MS-Regex2006-07-15	reK43/reK43.i	unsupported	
MS-Regex2006-07-15	reK44/reK44	unsupported	
MS-Regex2006-07-15	reK44/reK44.v	unsupported	
MS-Regex2006-07-15	reK45/reK45	unsupported	
MS-Regex2006-07-15	reK45/reK45.i	unsupported	
MS-Regex2006-07-15	reK46/reK46	unsupported	
MS-Regex2006-07-15	reK46/reK46.v	unsupported	
MS-Regex2006-07-15	reK47/reK47	unsupported	
MS-Regex2006-07-15	reK47/reK47.i	unsupported	
MS-Regex2006-07-15	reK48/reK48	unsupported	
MS-Regex2006-07-15	reK48/reK48.v	unsupported	
MS-Regex2006-07-15	reK49/reK49	unsupported	
MS-Regex2006-07-15	reK49/reK49.i	unsupported	
MS-Regex2006-07-15	reK50/reK50	unsupported	
MS-Regex2006-07-15	reK50/reK50.v	unsupported	
MS-Regex2006-07-15	reK51/reK51	unsupported	
MS-Regex2006-07-15	reK51/reK51.i	unsupported	
MS-Regex2006-07-15	reK52/reK52	unsupported	
MS-Regex2006-07-15	reK52/reK52.v	unsupported	
MS-Regex2006-07-15	reK56/reK56.v	fail	` ` does not match the pattern `\P{Zs}*`
MS-Regex2006-07-15	reK57/reK57	unsupported	
MS-Regex2006-07-15	reK57/reK57.i	unsupported	
MS-Regex2006-07-15	reK58/reK58	unsupported	
MS-Regex2006-07-15	reK58/reK58.v	unsupported	
MS-Regex2006-07-15	reK59/reK59	unsupported	
MS-Regex2006-07-15	reK59/reK59.i	unsupported	
MS-Regex2006-07-15	reK60/reK60	unsupported	
MS-Regex2006-07-15	reK60/reK60.v	unsupported	
MS-Regex2006-07-15	reK61/reK61	unsupported	
MS-Regex2006-07-15	reK61/reK61.i	unsupported	
MS-Regex2006-07-15	reK62/reK62	unsupported	
MS-Regex2006-07-15	reK62/reK62.v	unsupported	
MS-Regex2006-07-15	reK63/reK63	unsupported	
MS-Regex2006-07-15	reK63/reK63.i	unsupported	
MS-Regex2006-07-15	reK64/reK64	unsupported	
MS-Regex2006-07-15	reK64/reK64.v	unsupported	
MS-Regex2006-07-15	reK65/reK65	unsupported	
MS-Regex2006-07-15	reK65/reK65.i	unsupported	
MS-Regex2006-07-15	reK66/reK66	unsupported	
MS-Regex2006-07-15	reK66/reK66.v	unsupported	
MS-Regex2006-07-15	reK67/reK67	unsupported	
MS-Regex2006-07-15	reK67/reK67.i	unsupported	
MS-Regex2006-07-15	reK68/reK68	unsupported	
MS-Regex2006-07-15	reK68/reK68.v	unsupported	
MS-Regex2006-07-15	reK69/reK69	unsupported	
MS-Regex2006-07-15	reK69/reK69.i	unsupported	
MS-Regex2006-07-15	reK70/reK70	unsupported	
MS-Regex2006-07-15	reK70/reK70.v	unsupported	
MS-Regex2006-07-15	reK75/reK75	unsupported	
MS-Regex2006-07-15	reK75/reK75.i	unsupported	
MS-Regex2006-07-15	reK76/reK76	unsupported	
MS-Regex2006-07-15	reK76/reK76.v	unsupported	
MS-Regex2006-07-15	reK77/reK77	unsupported	
MS-Regex2006-07-15	reK77/reK77.i	unsupported	
MS-Regex2006-07-15	reK78/reK78	unsupported	
MS-Regex2006-07-15	reK78/reK78.v	unsupported	
MS-Regex2006-07-15	reK82/reK82	unsupported	
MS-Regex2006-07-15	reK86/reK86	unsupported	
MS-Regex2006-07-15	reK87/reK87	unsupported	
MS-Regex2006-07-15	reK88/reK88	unsupported	
MS-Regex2006-07-15	reL1/reL1	unsupported	
MS-Regex2006-07-15	reL1/reL1.v	unsupported	
MS-Regex2006-07-15	reL10/reL10	unsupported	
MS-Regex2006-07-15	reL10/reL10.v	unsupported	
MS-Regex2006-07-15	reL11/reL11	unsupported	
MS-Regex2006-07-15	reL11/reL11.v	unsupported	
MS-Regex2006-07-15	reL12/reL12	unsupported	
MS-Regex2006-07-15	reL12/reL12.v	unsupported	
MS-Regex2006-07-15	reL13/reL13	unsupported	
MS-Regex2006-07-15	reL13/reL13.v	unsupported	
MS-Regex2006-07-15	reL14/reL14	unsupported	
MS-Regex2006-07-15	reL14/reL14.v	unsupported	
MS-Regex2006-07-15	reL15/reL15	unsupported	
MS-Regex2006-07-15	reL15/reL15.v	unsupported	
MS-Regex2006-07-15	reL16/reL16	unsupported	
MS-Regex2006-07-15	reL16/reL16.v	unsupported	
MS-Regex2006-07-15	reL17/reL17	unsupported	
MS-Regex2006-07-15	reL17/reL17.v	unsupported	
MS-Regex2006-07-15	reL18/reL18	unsupported	
MS-Regex2006-07-15	reL18/reL18.v	unsupported	
MS-Regex2006-07-15	reL19/reL19	unsupported	
MS-Regex2006-07-15	reL19/reL19.v	unsupported	
MS-Regex2006-07-15	reL2/reL2	unsupported	
MS-Regex2006-07-15	reL2/reL2.v	unsupported	
MS-Regex2006-07-15	reL20/reL20	unsupported	
MS-Regex2006-07-15	reL20/reL20.v	unsupported	
MS-Regex2006-07-15	reL21/reL21	unsupported	
MS-Regex2006-07-15	reL21/reL21.v	unsupported	
MS-Regex2006-07-15	reL22/reL22	unsupported	
MS-Regex2006-07-15	reL22/reL22.v	unsupported	
MS-Regex2006-07-15	reL23/reL23	unsupported	
MS-Regex2006-07-15	reL23/reL23.v	unsupported	
MS-Regex2006-07-15	reL24/reL24	unsupported	
MS-Regex2006-07-15	reL24/reL24.v	unsupported	
MS-Regex2006-07-15	reL25/reL25	unsupported	
MS-Regex2006-07-15	reL25/reL25.v	unsupported	
MS-Regex2006-07-15	reL26/reL26	unsupported	
MS-Regex2006-07-15	reL26/reL26.v	unsupported	
MS-Regex2006-07-15	reL27/reL27	unsupported	
MS-Regex2006-07-15	reL27/reL27.v	unsupported	
MS-Regex2006-07-15	reL28/reL28	unsupported	
MS-Regex2006-07-15	reL28/reL28.v	unsupported	
MS-Regex2006-07-15	reL29/reL29	unsupported	
MS-Regex2006-07-15	reL29/reL29.v	unsupported	
MS-Regex2006-07-15	reL3/reL3	unsupported	
MS-Regex2006-07-15	reL3/reL3.v	unsupported	
MS-Regex2006-07-15	reL30/reL30	unsupported	
MS-Regex2006-07-15	reL30/reL30.v	unsupported	
MS-Regex2006-07-15	reL31/reL31	unsupported	
MS-Regex2006-07-15	reL31/reL31.v	unsupported	
MS-Regex2006-07-15	reL32/reL32	unsupported	
MS-Regex2006-07-15	reL32/reL32.v	unsupported	
MS-Regex2006-07-15	reL33/reL33	unsupported	
MS-Regex2006-07-15	reL33/reL33.v	unsupported	
MS-Regex2006-07-15	reL34/reL34	unsupported	
MS-Regex2006-07-15	reL34/reL34.v	unsupported	
MS-Regex2006-07-15	reL35/reL35	unsupported	
MS-Regex2006-07-15	reL35/reL35.v	unsupported	
MS-Regex2006-07-15	reL36/reL36	unsupported	
MS-Regex2006-07-15	reL36/reL36.v	unsupported	
MS-Regex2006-07-15	reL37/reL37	unsupported	
MS-Regex2006-07-15	reL37/reL37.v	unsupported	
MS-Regex2006-07-15	reL38/reL38	unsupported	
MS-Regex2006-07-15	reL38/reL38.v	unsupported	
MS-Regex2006-07-15	reL39/reL39	unsupported	
MS-Regex2006-07-15	reL39/reL39.v	unsupported	
MS-Regex2006-07-15	reL4/reL4	unsupported	
MS-Regex2006-07-15	reL4/reL4.v	unsupported	
MS-Regex2006-07-15	reL40/reL40	unsupported	
MS-Regex2006-07-15	reL40/reL40.v	unsupported	
MS-Regex2006-07-15	reL41/reL41	unsupported	
MS-Regex2006-07-15	reL41/reL41.v	unsupported	
MS-Regex2006-07-15	reL42/reL42	unsupported	
MS-Regex2006-07-15	reL42/reL42.v	unsupported	
MS-Regex2006-07-15	reL43/reL43	unsupported	
MS-Regex2006-07-15	reL43/reL43.v	unsupported	
MS-Regex2006-07-15	reL44/reL44	unsupported	
MS-Regex2006-07-15	reL44/reL44.v	unsupported	
MS-Regex2006-07-15	reL45/reL45	unsupported	
MS-Regex2006-07-15	reL45/reL45.v	unsupported	
MS-Regex2006-07-15	reL46/reL46	unsupported	
MS-Regex2006-07-15	reL46/reL46.v	unsupported	
MS-Regex2006-07-15	reL47/reL47	unsupported	
MS-Regex2006-07-15	reL47/reL47.v	unsupported	
MS-Regex2006-07-15	reL48/reL48	unsupported	
MS-Regex2006-07-15	reL48/reL48.v	unsupported	
MS-Regex2006-07-15	reL49/reL49	unsupported	
MS-Regex2006-07-15	reL49/reL49.v	unsupported	
MS-Regex2006-07-15	reL5/reL5	unsupported	
MS-Regex2006-07-15	reL5/reL5.v	unsupported	
MS-Regex2006-07-15	reL50/reL50	unsupported	
MS-Regex2006-07-15	reL50/reL50.v	unsupported	
MS-Regex2006-07-15	reL51/reL51	unsupported	
MS-Regex2006-07-15	reL51/reL51.v	unsupported	
MS-Regex2006-07-15	reL52/reL52	unsupported	
MS-Regex2006-07-15	reL52/reL52.v	unsupported	
MS-Regex2006-07-15	reL53/reL53	unsupported	
MS-Regex2006-07-15	reL53/reL53.v	unsupported	
MS-Regex2006-07-15	reL54/reL54	unsupported	
MS-Regex2006-07-15	reL54/reL54.v	unsupported	
MS-Regex2006-07-15	reL55/reL55	unsupported	
MS-Regex2006-07-15	reL55/reL55.v	unsupported	
MS-Regex2006-07-15	reL56/reL56	unsupported	
MS-Regex2006-07-15	reL56/reL56.v	unsupported	
MS-Regex2006-07-15	reL57/reL57	unsupported	
MS-Regex2006-07-15	reL57/reL57.v	unsupported	
MS-Regex2006-07-15	reL58/reL58	unsupported	
MS-Regex2006-07-15	reL58/reL58.v	unsupported	
MS-Regex2006-07-15	reL59/reL59	unsupported	
MS-Regex2006-07-15	reL59/reL59.v	unsupported	
MS-Regex2006-07-15	reL6/reL6	unsupported	
MS-Regex2006-07-15	reL6/reL6.v	unsupported	
MS-Regex2006-07-15	reL60/reL60	unsupported	
MS-Regex2006-07-15	reL60/reL60.v	unsupported	
MS-Regex2006-07-15	reL61/reL61	unsupported	
MS-Regex2006-07-15	reL61/reL61.v	unsupported	
MS-Regex2006-07-15	reL62/reL62	unsupported	
MS-Regex2006-07-15	reL62/reL62.v	unsupported	
MS-Regex2006-07-15	reL63/reL63	unsupported	
MS-Regex2006-07-15	reL63/reL63.v	unsupported	
MS-Regex2006-07-15	reL64/reL64	unsupported	
MS-Regex2006-07-15	reL64/reL64.v	unsupported	
MS-Regex2006-07-15	reL65/reL65	unsupported	
MS-Regex2006-07-15	reL65/reL65.v	unsupported	
MS-Regex2006-07-15	reL66/reL66	unsupported	
MS-Regex2006-07-15	reL66/reL66.v	unsupported	
MS-Regex2006-07-15	reL67/reL67	unsupported	
MS-Regex2006-07-15	reL67/reL67.v	unsupported	
MS-Regex2006-07-15	reL68/reL68	unsupported	
MS-Regex2006-07-15	reL68/reL68.v	unsupported	
MS-Regex2006-07-15	reL69/reL69	unsupported	
MS-Regex2006-07-15	reL69/reL69.v	unsupported	
MS-Regex2006-07-15	reL70/reL70	unsupported	
MS-Regex2006-07-15	reL70/reL70.v	unsupported	
MS-Regex2006-07-15	reL71/reL71	unsupported	
MS-Regex2006-07-15	reL71/reL71.v	unsupported	
MS-Regex2006-07-15	reL72/reL72	unsupported	
MS-Regex2006-07-15	reL72/reL72.v	unsupported	
MS-Regex2006-07-15	reL73/reL73	unsupported	
MS-Regex2006-07-15	reL73/reL73.v	unsupported	
MS-Regex2006-07-15	reL74/reL74	unsupported	
MS-Regex2006-07-15	reL74/reL74.v	unsupported	
MS-Regex2006-07-15	reL78/reL78	unsupported	
MS-Regex2006-07-15	reL78/reL78.v	unsupported	
MS-Regex2006-07-15	reL79/reL79	unsupported	
MS-Regex2006-07-15	reL79/reL79.v	unsupported	
MS-Regex2006-07-15	reL80/reL80	unsupported	
MS-Regex2006-07-15	reL80/reL80.v	unsupported	
MS-Regex2006-07-15	reL81/reL81	unsupported	
MS-Regex2006-07-15	reL81/reL81.v	unsupported	
MS-Regex2006-07-15	reL82/reL82	unsupported	
MS-Regex2006-07-15	reL82/reL82.v	unsupported	
MS-Regex2006-07-15	reL83/reL83	unsupported	
MS-Regex2006-07-15	reL83/reL83.v	unsupported	
MS-Regex2006-07-15	reL84/reL84	unsupported	
MS-Regex2006-07-15	reL84/reL84.v	unsupported	
MS-Regex2006-07-15	reL85/reL85	unsupported	
MS-Regex2006-07-15	reL85/reL85.v	unsupported	
MS-Regex2006-07-15	reL87/reL87	unsupported	
MS-Regex2006-07-15	reL87/reL87.v	unsupported	
MS-Regex2006-07-15	reL88/reL88	unsupported	
MS-Regex2006-07-15	reL88/reL88.v	unsupported	
MS-Regex2006-07-15	reL98/reL98	unsupported	
MS-Regex2006-07-15	reL98/reL98.i	unsupported	
MS-Regex2006-07-15	reL99/reL99	unsupported	
MS-Regex2006-07-15	reL99/reL99.i	unsupported	
MS-Regex2006-07-15	reM1/reM1	unsupported	
MS-Regex2006-07-15	reM1/reM1.i	unsupported	
MS-Regex2006-07-15	reM10/reM10	unsupported	
MS-Regex2006-07-15	reM10/reM10.i	unsupported	
MS-Regex2006-07-15	reM11/reM11	unsupported	
MS-Regex2006-07-15	reM11/reM11.i	unsupported	
MS-Regex2006-07-15	reM12/reM12	unsupported	
MS-Regex2006-07-15	reM12/reM12.i	unsupported	
MS-Regex2006-07-15	reM13/reM13	unsupported	
MS-Regex2006-07-15	reM13/reM13.i	unsupported	
MS-Regex2006-07-15	reM14/reM14	unsupported	
MS-Regex2006-07-15	reM14/reM14.i	unsupported	
MS-Regex2006-07-15	reM15/reM15	unsupported	
MS-Regex2006-07-15	reM15/reM15.i	unsupported	
MS-Regex2006-07-15	reM16/reM16	unsupported	
MS-Regex2006-07-15	reM16/reM16.i	unsupported	
MS-Regex2006-07-15	reM17/reM17	unsupported	
MS-Regex2006-07-15	reM17/reM17.i	unsupported	
MS-Regex2006-07-15	reM18/reM18	unsupported	
MS-Regex2006-07-15	reM18/reM18.i	unsupported	
MS-Regex2006-07-15	reM19/reM19	unsupported	
MS-Regex2006-07-15	reM19/reM19.i	unsupported	
MS-Regex2006-07-15	reM2/reM2	unsupported	
MS-Regex2006-07-15	reM2/reM2.i	unsupported	
MS-Regex2006-07-15	reM20/reM20	unsupported	
MS-Regex2006-07-15	reM20/reM20.i	unsupported	
MS-Regex2006-07-15	reM21/reM21	unsupported	
MS-Regex2006-07-15	reM21/reM21.i	unsupported	
MS-Regex2006-07-15	reM22/reM22	unsupported	
MS-Regex2006-07-15	reM22/reM22.i	unsupported	
MS-Regex2006-07-15	reM23/reM23	unsupported	
MS-Regex2006-07-15	reM23/reM23.i	unsupported	
MS-Regex2006-07-15	reM24/reM24	unsupported	
MS-Regex2006-07-15	reM24/reM24.i	unsupported	
MS-Regex2006-07-15	reM25/reM25	unsupported	
MS-Regex2006-07-15	reM25/reM25.i	unsupported	
MS-Regex2006-07-15	reM26/reM26	unsupported	
MS-Regex2006-07-15	reM26/reM26.i	unsupported	
MS-Regex2006-07-15	reM27/reM27	unsupported	
MS-Regex2006-07-15	reM27/reM27.i	unsupported	
MS-Regex2006-07-15	reM28/reM28	unsupported	
MS-Regex2006-07-15	reM28/reM28.i	unsupported	
MS-Regex2006-07-15	reM29/reM29	unsupported	
MS-Regex2006-07-15	reM29/reM29.i	unsupported	
MS-Regex2006-07-15	reM3/reM3	unsupported	
MS-Regex2006-07-15	reM3/reM3.i	unsupported	
MS-Regex2006-07-15	reM30/reM30	unsupported	
MS-Regex2006-07-15	reM30/reM30.i	unsupported	
MS-Regex2006-07-15	reM31/reM31	unsupported	
MS-Regex2006-07-15	reM31/reM31.i	unsupported	
MS-Regex2006-07-15	reM32/reM32	unsupported	
MS-Regex2006-07-15	reM32/reM32.i	unsupported	
MS-Regex2006-07-15	reM33/reM33	unsupported	
MS-Regex2006-07-15	reM33/reM33.i	unsupported	
MS-Regex2006-07-15	reM34/reM34	unsupported	
MS-Regex2006-07-15	reM34/reM34.i	unsupported	
MS-Regex2006-07-15	reM35/reM35	unsupported	
MS-Regex2006-07-15	reM35/reM35.i	unsupported	
MS-Regex2006-07-15	reM36/reM36	unsupported	
MS-Regex2006-07-15	reM36/reM36.i	unsupported	
MS-Regex2006-07-15	reM37/reM37	unsupported	
MS-Regex2006-07-15	reM37/reM37.i	unsupported	
MS-Regex2006-07-15	reM38/reM38	unsupported	
MS-Regex2006-07-15	reM38/reM38.i	unsupported	
MS-Regex2006-07-15	reM39/reM39	unsupported	
MS-Regex2006-07-15	reM39/reM39.i	unsupported	
MS-Regex2006-07-15	reM4/reM4	unsupported	
MS-Regex2006-07-15	reM4/reM4.i	unsupported	
MS-Regex2006-07-15	reM40/reM40	unsupported	
MS-Regex2006-07-15	reM40/reM40.i	unsupported	
MS-Regex2006-07-15	reM41/reM41	unsupported	
MS-Regex2006-07-15	reM41/reM41.i	unsupported	
MS-Regex2006-07-15	reM42/reM42	unsupported	
MS-Regex2006-07-15	reM42/reM42.i	unsupported	
MS-Regex2006-07-15	reM43/reM43	unsupported	
MS-Regex2006-07-15	reM43/reM43.i	unsupported	
MS-Regex2006-07-15	reM44/reM44	unsupported	
MS-Regex2006-07-15	reM44/reM44.i	unsupported	
MS-Regex2006-07-15	reM45/reM45	unsupported	
MS-Regex2006-07-15	reM45/reM45.i	unsupported	
MS-Regex2006-07-15	reM46/reM46	unsupported	
MS-Regex2006-07-15	reM46/reM46.i	unsupported	
MS-Regex2006-07-15	reM47/reM47	unsupported	
MS-Regex2006-07-15	reM47/reM47.i	unsupported	
MS-Regex2006-07-15	reM48/reM48	unsupported	
MS-Regex2006-07-15	reM48/reM48.i	unsupported	
MS-Regex2006-07-15	reM49/reM49	unsupported	
MS-Regex2006-07-15	reM49/reM49.i	unsupported	
MS-Regex2006-07-15	reM5/reM5	unsupported	
MS-Regex2006-07-15	reM5/reM5.i	unsupported	
MS-Regex2006-07-15	reM50/reM50	unsupported	
MS-Regex2006-07-15	reM50/reM50.i	unsupported	
MS-Regex2006-07-15	reM51/reM51	unsupported	
MS-Regex2006-07-15	reM51/reM51.i	unsupported	
MS-Regex2006-07-15	reM52/reM52	unsupported	
MS-Regex2006-07-15	reM52/reM52.i	unsupported	
MS-Regex2006-07-15	reM53/reM53	unsupported	
MS-Regex2006-07-15	reM53/reM53.i	unsupported	
MS-Regex2006-07-15	reM54/reM54	unsupported	
MS-Regex2006-07-15	reM54/reM54.i	unsupported	
MS-Regex2006-07-15	reM55/reM55	unsupported	
MS-Regex2006-07-15	reM55/reM55.i	unsupported	
MS-Regex2006-07-15	reM56/reM56	unsupported	
MS-Regex2006-07-15	reM56/reM56.i	unsupported	
MS-Regex2006-07-15	reM57/reM57	unsupported	
MS-Regex2006-07-15	reM57/reM57.i	unsupported	
MS-Regex2006-07-15	reM58/reM58	unsupported	
MS-Regex2006-07-15	reM58/reM58.i	unsupported	
MS-Regex2006-07-15	reM59/reM59	unsupported	
MS-Regex2006-07-15	reM59/reM59.i	unsupported	
MS-Regex2006-07-15	reM6/reM6	unsupported	
MS-Regex2006-07-15	reM6/reM6.i	unsupported	
MS-Regex2006-07-15	reM60/reM60	unsupported	
MS-Regex2006-07-15	reM60/reM60.i	unsupported	
MS-Regex2006-07-15	reM61/reM61	unsupported	
MS-Regex2006-07-15	reM61/reM61.i	unsupported	
MS-Regex2006-07-15	reM62/reM62	unsupported	
MS-Regex2006-07-15	reM62/reM62.i	unsupported	
MS-Regex2006-07-15	reM63/reM63	unsupported	
MS-Regex2006-07-15	reM63/reM63.i	unsupported	
MS-Regex2006-07-15	reM64/reM64	unsupported	
MS-Regex2006-07-15	reM64/reM64.i	unsupported	
MS-Regex2006-07-15	reM65/reM65	unsupported	
MS-Regex2006-07-15	reM65/reM65.i	unsupported	
MS-Regex2006-07-15	reM66/reM66	unsupported	
MS-Regex2006-07-15	reM66/reM66.i	unsupported	
MS-Regex2006-07-15	reM67/reM67	unsupported	
MS-Regex2006-07-15	reM67/reM67.i	unsupported	
MS-Regex2006-07-15	reM68/reM68	unsupported	
MS-Regex2006-07-15	reM68/reM68.i	unsupported	
MS-Regex2006-07-15	reM69/reM69	unsupported	
MS-Regex2006-07-15	reM69/reM69.i	unsupported	
MS-Regex2006-07-15	reM70/reM70	unsupported	
MS-Regex2006-07-15	reM70/reM70.i	unsupported	
MS-Regex2006-07-15	reM71/reM71	unsupported	
MS-Regex2006-07-15	reM71/reM71.i	unsupported	
MS-Regex2006-07-15	reM72/reM72	unsupported	
MS-Regex2006-07-15	reM72/reM72.i	unsupported	
MS-Regex2006-07-15	reM73/reM73	unsupported	
MS-Regex2006-07-15	reM73/reM73.i	unsupported	
MS-Regex2006-07-15	reM77/reM77	unsupported	
MS-Regex2006-07-15	reM77/reM77.i	unsupported	
MS-Regex2006-07-15	reM78/reM78	unsupported	
MS-Regex2006-07-15	reM78/reM78.i	unsupported	
MS-Regex2006-07-15	reM79/reM79	unsupported	
MS-Regex2006-07-15	reM79/reM79.i	unsupported	
MS-Regex2006-07-15	reM80/reM80	unsupported	
MS-Regex2006-07-15	reM80/reM80.i	unsupported	
MS-Regex2006-07-15	reM81/reM81	unsupported	
MS-Regex2006-07-15	reM81/reM81.i	unsupported	
MS-Regex2006-07-15	reM82/reM82	unsupported	
MS-Regex2006-07-15	reM82/reM82.i	unsupported	
MS-Regex2006-07-15	reM83/reM83	unsupported	
MS-Regex2006-07-15	reM83/reM83.i	unsupported	
MS-Regex2006-07-15	reM84/reM84	unsupported	
MS-Regex2006-07-15	reM84/reM84.i	unsupported	
MS-Regex2006-07-15	reM86/reM86	unsupported	
MS-Regex2006-07-15	reM86/reM86.i	unsupported	
MS-Regex2006-07-15	reM87/reM87	unsupported	
MS-Regex2006-07-15	reM87/reM87.i	unsupported	
MS-Regex2006-07-15	reM88/reM88	unsupported	
MS-Regex2006-07-15	reM88/reM88.i	unsupported	
MS-Regex2006-07-15	reM89/reM89	unsupported	
MS-Regex2006-07-15	reM89/reM89.i	unsupported	
MS-Regex2006-07-15	reM9/reM9	unsupported	
MS-Regex2006-07-15	reM9/reM9.i	unsupported	
MS-Regex2006-07-15	reM90/reM90	unsupported	
MS-Regex2006-07-15	reM90/reM90.i	unsupported	
MS-Regex2006-07-15	reM91/reM91	unsupported	
MS-Regex2006-07-15	reM91/reM91.i	unsupported	
MS-Regex2006-07-15	reM92/reM92	unsupported	
MS-Regex2006-07-15	reM92/reM92.i	unsupported	
MS-Regex2006-07-15	reM93/reM93	unsupported	
MS-Regex2006-07-15	reM93/reM93.i	unsupported	
MS-Regex2006-07-15	reM94/reM94	unsupported	
MS-Regex2006-07-15	reM94/reM94.i	unsupported	
MS-Regex2006-07-15	reM95/reM95	unsupported	
MS-Regex2006-07-15	reM95/reM95.i	unsupported	
MS-Regex2006-07-15	reM96/reM96	unsupported	
MS-Regex2006-07-15	reM96/reM96.i	unsupported	
MS-Regex2006-07-15	reM97/reM97	unsupported	
MS-Regex2006-07-15	reM97/reM97.i	unsupported	
MS-Regex2006-07-15	reM98/reM98	unsupported	
MS-Regex2006-07-15	reM98/reM98.i	unsupported	
MS-Regex2006-07-15	reM99/reM99	unsupported	
MS-Regex2006-07-15	reM99/reM99.i	unsupported	
MS-Regex2006-07-15	reN1/reN1	unsupported	
MS-Regex2006-07-15	reN1/reN1.i	unsupported	
MS-Regex2006-07-15	reN10/reN10	unsupported	
MS-Regex2006-07-15	reN10/reN10.i	unsupported	
MS-Regex2006-07-15	reN11/reN11	unsupported	
MS-Regex2006-07-15	reN11/reN11.i	unsupported	
MS-Regex2006-07-15	reN12/reN12	unsupported	
MS-Regex2006-07-15	reN12/reN12.i	unsupported	
MS-Regex2006-07-15	reN13/reN13	unsupported	
MS-Regex2006-07-15	reN13/reN13.i	unsupported	
MS-Regex2006-07-15	reN14/reN14	unsupported	
MS-Regex2006-07-15	reN14/reN14.i	unsupported	
MS-Regex2006-07-15	reN15/reN15	unsupported	
MS-Regex2006-07-15	reN15/reN15.i	unsupported	
MS-Regex2006-07-15	reN16/reN16	unsupported	
MS-Regex2006-07-15	reN16/reN16.i	unsupported	
MS-Regex2006-07-15	reN17/reN17	unsupported	
MS-Regex2006-07-15	reN17/reN17.i	unsupported	
MS-Regex2006-07-15	reN18/reN18	unsupported	
MS-Regex2006-07-15	reN18/reN18.i	unsupported	
MS-Regex2006-07-15	reN19/reN19	unsupported	
MS-Regex2006-07-15	reN19/reN19.i	unsupported	
MS-Regex2006-07-15	reN2/reN2	unsupported	
MS-Regex2006-07-15	reN2/reN2.i	unsupported	
MS-Regex2006-07-15	reN20/reN20	unsupported	
MS-Regex2006-07-15	reN20/reN20.i	unsupported	
MS-Regex2006-07-15	reN21/reN21	unsupported	
MS-Regex2006-07-15	reN21/reN21.i	unsupported	
MS-Regex2006-07-15	reN22/reN22	unsupported	
MS-Regex2006-07-15	reN22/reN22.i	unsupported	
MS-Regex2006-07-15	reN23/reN23	unsupported	
MS-Regex2006-07-15	reN23/reN23.i	unsupported	
MS-Regex2006-07-15	reN24/reN24	unsupported	
MS-Regex2006-07-15	reN24/reN24.i	unsupported	
MS-Regex2006-07-15	reN25/reN25	unsupported	
MS-Regex2006-07-15	reN25/reN25.i	unsupported	
MS-Regex2006-07-15	reN26/reN26	unsupported	
MS-Regex2006-07-15	reN26/reN26.i	unsupported	
MS-Regex2006-07-15	reN27/reN27	unsupported	
MS-Regex2006-07-15	reN27/reN27.i	unsupported	
MS-Regex2006-07-15	reN28/reN28	unsupported	
MS-Regex2006-07-15	reN28/reN28.i	unsupported	
MS-Regex2006-07-15	reN29/reN29	unsupported	
MS-Regex2006-07-15	reN29/reN29.i	unsupported	
MS-Regex2006-07-15	reN3/reN3	unsupported	
MS-Regex2006-07-15	reN3/reN3.i	unsupported	
MS-Regex2006-07-15	reN30/reN30	unsupported	
MS-Regex2006-07-15	reN30/reN30.i	unsupported	
MS-Regex2006-07-15	reN31/reN31	unsupported	
MS-Regex2006-07-15	reN31/reN31.i	unsupported	
MS-Regex2006-07-15	reN32/reN32	unsupported	
MS-Regex2006-07-15	reN32/reN32.i	unsupported	
MS-Regex2006-07-15	reN33/reN33	unsupported	
MS-Regex2006-07-15	reN33/reN33.i	unsupported	
MS-Regex2006-07-15	reN34/reN34	unsupported	
MS-Regex2006-07-15	reN34/reN34.i	unsupported	
MS-Regex2006-07-15	reN35/reN35	unsupported	
MS-Regex2006-07-15	reN35/reN35.i	unsupported	
MS-Regex2006-07-15	reN36/reN36	unsupported	
MS-Regex2006-07-15	reN36/reN36.i	unsupported	
MS-Regex2006-07-15	reN37/reN37	unsupported	
MS-Regex2006-07-15	reN37/reN37.i	unsupported	
MS-Regex2006-07-15	reN38/reN38	unsupported	
MS-Regex2006-07-15	reN38/reN38.i	unsupported	
MS-Regex2006-07-15	reN39/reN39	unsupported	
MS-Regex2006-07-15	reN39/reN39.i	unsupported	
MS-Regex2006-07-15	reN4/reN4	unsupported	
MS-Regex2006-07-15	reN4/reN4.i	unsupported	
MS-Regex2006-07-15	reN40/reN40	unsupported	
MS-Regex2006-07-15	reN40/reN40.i	unsupported	
MS-Regex2006-07-15	reN41/reN41	unsupported	
MS-Regex2006-07-15	reN41/reN41.i	unsupported	
MS-Regex2006-07-15	reN42/reN42	unsupported	
MS-Regex2006-07-15	reN42/reN42.i	unsupported	
MS-Regex2006-07-15	reN43/reN43	unsupported	
MS-Regex2006-07-15	reN43/reN43.i	unsupported	
MS-Regex2006-07-15	reN44/reN44	unsupported	
MS-Regex2006-07-15	reN44/reN44.i	unsupported	
MS-Regex2006-07-15	reN45/reN45	unsupported	
MS-Regex2006-07-15	reN45/reN45.i	unsupported	
MS-Regex2006-07-15	reN46/reN46	unsupported	
MS-Regex2006-07-15	reN46/reN46.i	unsupported	
MS-Regex2006-07-15	reN47/reN47	unsupported	
MS-Regex2006-07-15	reN47/reN47.i	unsupported	
MS-Regex2006-07-15	reN48/reN48	unsupported	
MS-Regex2006-07-15	reN48/reN48.i	unsupported	
MS-Regex2006-07-15	reN49/reN49	unsupported	
MS-Regex2006-07-15	reN49/reN49.i	unsupported	
MS-Regex2006-07-15	reN5/reN5	unsupported	
MS-Regex2006-07-15	reN5/reN5.i	unsupported	
MS-Regex2006-07-15	reN50/reN50	unsupported	
MS-Regex2006-07-15	reN50/reN50.i	unsupported	
MS-Regex2006-07-15	reN51/reN51	unsupported	
MS-Regex2006-07-15	reN51/reN51.i	unsupported	
MS-Regex2006-07-15	reN52/reN52	unsupported	
MS-Regex2006-07-15	reN52/reN52.i	unsupported	
MS-Regex2006-07-15	reN53/reN53	unsupported	
MS-Regex2006-07-15	reN53/reN53.i	unsupported	
MS-Regex2006-07-15	reN54/reN54	unsupported	
MS-Regex2006-07-15	reN54/reN54.i	unsupported	
MS-Regex2006-07-15	reN55/reN55	unsupported	
MS-Regex2006-07-15	reN55/reN55.i	unsupported	
MS-Regex2006-07-15	reN56/reN56	unsupported	
MS-Regex2006-07-15	reN56/reN56.i	unsupported	
MS-Regex2006-07-15	reN57/reN57	unsupported	
MS-Regex2006-07-15	reN57/reN57.i	unsupported	
MS-Regex2006-07-15	reN58/reN58	unsupported	
MS-Regex2006-07-15	reN58/reN58.i	unsupported	
MS-Regex2006-07-15	reN59/reN59	unsupported	
MS-Regex2006-07-15	reN59/reN59.i	unsupported	
MS-Regex2006-07-15	reN6/reN6	unsupported	
MS-Regex2006-07-15	reN6/reN6.i	unsupported	
MS-Regex2006-07-15	reN60/reN60	unsupported	
MS-Regex2006-07-15	reN60/reN60.i	unsupported	
MS-Regex2006-07-15	reN61/reN61	unsupported	
MS-Regex2006-07-15	reN61/reN61.i	unsupported	
MS-Regex2006-07-15	reN62/reN62	unsupported	
MS-Regex2006-07-15	reN62/reN62.i	unsupported	
MS-Regex2006-07-15	reN63/reN63	unsupported	
MS-Regex2006-07-15	reN63/reN63.i	unsupported	
MS-Regex2006-07-15	reN64/reN64	unsupported	
MS-Regex2006-07-15	reN64/reN64.i	unsupported	
MS-Regex2006-07-15	reN65/reN65	unsupported	
MS-Regex2006-07-15	reN65/reN65.i	unsupported	
MS-Regex2006-07-15	reN66/reN66	unsupported	
MS-Regex2006-07-15	reN66/reN66.i	unsupported	
MS-Regex2006-07-15	reN67/reN67	unsupported	
MS-Regex2006-07-15	reN67/reN67.i	unsupported	
MS-Regex2006-07-15	reN68/reN68	unsupported	
MS-Regex2006-07-15	reN68/reN68.i	unsupported	
MS-Regex2006-07-15	reN69/reN69	unsupported	
MS-Regex2006-07-15	reN69/reN69.i	unsupported	
MS-Regex2006-07-15	reN70/reN70	unsupported	
MS-Regex2006-07-15	reN70/reN70.i	unsupported	
MS-Regex2006-07-15	reN71/reN71	unsupported	
MS-Regex2006-07-15	reN71/reN71.i	unsupported	
MS-Regex2006-07-15	reN72/reN72	unsupported	
MS-Regex2006-07-15	reN72/reN72.i	unsupported	
MS-Regex2006-07-15	reN73/reN73	unsupported	
MS-Regex2006-07-15	reN73/reN73.i	unsupported	
MS-Regex2006-07-15	reN74/reN74	unsupported	
MS-Regex2006-07-15	reN74/reN74.i	unsupported	
MS-Regex2006-07-15	reN75/reN75	unsupported	
MS-Regex2006-07-15	reN75/reN75.i	unsupported	
MS-Regex2006-07-15	reN79/reN79	unsupported	
MS-Regex2006-07-15	reN79/reN79.i	unsupported	
MS-Regex2006-07-15	reN8/reN8	unsupported	
MS-Regex2006-07-15	reN8/reN8.i	unsupported	
MS-Regex2006-07-15	reN80/reN80	unsupported	
MS-Regex2006-07-15	reN80/reN80.i	unsupported	
MS-Regex2006-07-15	reN81/reN81	unsupported	
MS-Regex2006-07-15	reN81/reN81.i	unsupported	
MS-Regex2006-07-15	reN82/reN82	unsupported	
MS-Regex2006-07-15	reN82/reN82.i	unsupported	
MS-Regex2006-07-15	reN83/reN83	unsupported	
MS-Regex2006-07-15	reN83/reN83.i	unsupported	
MS-Regex2006-07-15	reN84/reN84	unsupported	
MS-Regex2006-07-15	reN84/reN84.i	unsupported	
MS-Regex2006-07-15	reN85/reN85	unsupported	
MS-Regex2006-07-15	reN85/reN85.i	unsupported	
MS-Regex2006-07-15	reN86/reN86	unsupported	
MS-Regex2006-07-15	reN86/reN86.i	unsupported	
MS-Regex2006-07-15	reN87/reN87	unsupported	
MS-Regex2006-07-15	reN87/reN87.i	unsupported	
MS-Regex2006-07-15	reN88/reN88	unsupported	
MS-Regex2006-07-15	reN88/reN88.i	unsupported	
MS-Regex2006-07-15	reN89/reN89	unsupported	
MS-Regex2006-07-15	reN89/reN89.i	unsupported	
MS-Regex2006-07-15	reN9/reN9	unsupported	
MS-Regex2006-07-15	reN9/reN9.i	unsupported	
MS-Regex2006-07-15	reN90/reN90	unsupported	
MS-Regex2006-07-15	reN90/reN90.i	unsupported	
MS-Regex2006-07-15	reN91/reN91	unsupported	
MS-Regex2006-07-15	reN91/reN91.i	unsupported	
MS-Regex2006-07-15	reN92/reN92	unsupported	
MS-Regex2006-07-15	reN92/reN92.i	unsupported	
MS-Regex2006-07-15	reN93/reN93	unsupported	
MS-Regex2006-07-15	reN93/reN93.i	unsupported	
MS-Regex2006-07-15	reN94/reN94	unsupported	
MS-Regex2006-07-15	reN94/reN94.i	unsupported	
MS-Regex2006-07-15	reN95/reN95	unsupported	
MS-Regex2006-07-15	reN95/reN95.i	unsupported	
MS-Regex2006-07-15	reN96/reN96	unsupported	
MS-Regex2006-07-15	reN96/reN96.i	unsupported	
MS-Regex2006-07-15	reN97/reN97	unsupported	
MS-Regex2006-07-15	reN97/reN97.i	unsupported	
MS-Regex2006-07-15	reN98/reN98	unsupported	
MS-Regex2006-07-15	reN98/reN98.i	unsupported	
MS-Regex2006-07-15	reN99/reN99	unsupported	
MS-Regex2006-07-15	reN99/reN99.i	unsupported	
MS-Regex2006-07-15	reS17/reS17.v	fail	`፩` does not match the pattern `\d`
MS-Regex2006-07-15	reS21/reS21.i	fail	
MS-Regex2006-07-15	reS38/reS38.v	fail	`፱` does not match the pattern `\d`
MS-Regex2006-07-15	reS42/reS42.i	fail	
MS-Regex2006-07-15	reS51/reS51.i	fail	
MS-Regex2006-07-15	reT17/reT17.i	fail	
MS-Regex2006-07-15	reT38/reT38.i	fail	
MS-Regex2006-07-15	reT51/reT51.v	fail	`௦` does not match the pattern `\D`
MS-Regex2006-07-15	reT63/reT63.i	fail	
MS-Regex2006-07-15	reT84/reT84.i	fail	
MS-Regex2006-07-15	reU6/reU6.i	fail	
MS-Regex2006-07-15	reV17/reV17.i	fail	
MS-Regex2006-07-15	reV19/reV19.i	fail	
MS-Regex2006-07-15	reV21/reV21.i	fail	
MS-Regex2006-07-15	reV22/reV22.i	fail	
MS-Regex2006-07-15	reV23/reV23.i	fail	
MS-Regex2006-07-15	reV24/reV24.i	fail	
MS-Regex2006-07-15	reV33/reV33.i	fail	
MS-Regex2006-07-15	reV34/reV34.i	fail	
MS-Regex2006-07-15	reV35/reV35.i	fail	
MS-Regex2006-07-15	reV36/reV36.i	fail	
MS-Regex2006-07-15	reV37/reV37.i	fail	
MS-Regex2006-07-15	reV38/reV38.i	fail	
MS-Regex2006-07-15	reV39/reV39.i	fail	
MS-Regex2006-07-15	reV40/reV40.i	fail	
MS-Regex2006-07-15	reV41/reV41.i	fail	
MS-Regex2006-07-15	reV42/reV42.i	fail	
MS-Regex2006-07-15	reV43/reV43.i	fail	
MS-Regex2006-07-15	reZ001/reZ001.v	fail	`test@someverylongemailaddress.com` does not match the pattern `^([0-9a-zA-Z]([-.\w]*[0-9a-zA-Z])*@(([0-9a-zA-Z])+([-\w]*[0-9a-zA-Z])*\.)+[a-zA-Z]{2,9})`
MS-Regex2006-07-15	reZ003v/reZ003v.v	fail	``` does not match the pattern `[\w]`
MS-Regex2006-07-15	reZ004v/reZ004v.v	fail	`፩` does not match the pattern `[\d]`
MS-Regex2006-07-15	reZ006i/reZ006i.i	fail	
MS-Schema2006-07-15	schA2/schA2.i	fail	
MS-Schema2006-07-15	schA4/schA4.v	blocked	
MS-Schema2006-07-15	schA8/schA8.i	blocked	
MS-Schema2006-07-15	schB3/schB3	fail	
MS-Schema2006-07-15	schC2/schC2	fail	
MS-Schema2006-07-15	schC5/schC5	fail	
MS-Schema2006-07-15	schD10/schD10.v	fail	unexpected element `c21`; this content model allows  in that order
MS-Schema2006-07-15	schD11/schD11	unsupported	
MS-Schema2006-07-15	schD5/schD5	unsupported	
MS-Schema2006-07-15	schD5/schD5.v	unsupported	
MS-Schema2006-07-15	schD7/schD7	unsupported	
MS-Schema2006-07-15	schD7/schD7.v	unsupported	
MS-Schema2006-07-15	schF1/schF1.v	fail	`true` is not a valid int (32-bit)
MS-Schema2006-07-15	schF2/schF2.v	fail	`true` is not a valid int (32-bit)
MS-Schema2006-07-15	schF3/schF3	fail	
MS-Schema2006-07-15	schF4/schF4	fail	
MS-Schema2006-07-15	schF5/schF5.v	fail	`true` is not a valid int (32-bit)
MS-Schema2006-07-15	schF6/schF6	fail	
MS-Schema2006-07-15	schG1/schG1.v	fail	`true` is not a valid int (32-bit)
MS-Schema2006-07-15	schG10/schG10	fail	
MS-Schema2006-07-15	schG11/schG11	fail	
MS-Schema2006-07-15	schG13/schG13	fail	
MS-Schema2006-07-15	schG2/schG2.v	fail	`true` is not a valid int (32-bit)
MS-Schema2006-07-15	schG3/schG3.v	fail	`true` is not a valid int (32-bit)
MS-Schema2006-07-15	schG4/schG4.v	fail	`true` is not a valid int (32-bit)
MS-Schema2006-07-15	schG5/schG5.v	fail	`true` is not a valid int (32-bit)
MS-Schema2006-07-15	schG6/schG6	fail	
MS-Schema2006-07-15	schG7/schG7.v	fail	`true` is not a valid int (32-bit)
MS-Schema2006-07-15	schG8/schG8.v	fail	`123` is not a valid boolean (true, false, 1 or 0)
MS-Schema2006-07-15	schH1/schH1	unsupported	
MS-Schema2006-07-15	schH2/schH2	unsupported	
MS-Schema2006-07-15	schH3/schH3	unsupported	
MS-Schema2006-07-15	schH4/schH4	unsupported	
MS-Schema2006-07-15	schH5/schH5	unsupported	
MS-Schema2006-07-15	schH6/schH6	unsupported	
MS-Schema2006-07-15	schH9/schH9	unsupported	
MS-Schema2006-07-15	schI2/schI2	unsupported	
MS-Schema2006-07-15	schI5/schI5	unsupported	
MS-Schema2006-07-15	schJ2/schJ2	unsupported	
MS-Schema2006-07-15	schJ3/schJ3	unsupported	
MS-Schema2006-07-15	schK2/schK2	unsupported	
MS-Schema2006-07-15	schK3/schK3	unsupported	
MS-Schema2006-07-15	schL1/schL1	unsupported	
MS-Schema2006-07-15	schL10/schL10	unsupported	
MS-Schema2006-07-15	schL3/schL3	unsupported	
MS-Schema2006-07-15	schL5/schL5	unsupported	
MS-Schema2006-07-15	schL6/schL6	unsupported	
MS-Schema2006-07-15	schL8/schL8	unsupported	
MS-Schema2006-07-15	schM10/schM10	unsupported	
MS-Schema2006-07-15	schM3/schM3	unsupported	
MS-Schema2006-07-15	schM4/schM4	unsupported	
MS-Schema2006-07-15	schM5/schM5	unsupported	
MS-Schema2006-07-15	schM8/schM8	fail	
MS-Schema2006-07-15	schM9/schM9	unsupported	
MS-Schema2006-07-15	schN10/schN10	unsupported	
MS-Schema2006-07-15	schN12/schN12	fail	
MS-Schema2006-07-15	schN13i/schN13i	unsupported	
MS-Schema2006-07-15	schN13v/schN13v	unsupported	
MS-Schema2006-07-15	schN4/schN4	fail	
MS-Schema2006-07-15	schN5/schN5	fail	
MS-Schema2006-07-15	schN6/schN6	fail	
MS-Schema2006-07-15	schN7/schN7	fail	
MS-Schema2006-07-15	schO2/schO2	unsupported	
MS-Schema2006-07-15	schP2/schP2	unsupported	
MS-Schema2006-07-15	schP2/schP2.v	unsupported	
MS-Schema2006-07-15	schP3/schP3	unsupported	
MS-Schema2006-07-15	schQ1/schQ1	unsupported	
MS-Schema2006-07-15	schQ1/schQ1.v	unsupported	
MS-Schema2006-07-15	schQ2/schQ2	unsupported	
MS-Schema2006-07-15	schQ3/schQ3	unsupported	
MS-Schema2006-07-15	schQ3/schQ3.v	unsupported	
MS-Schema2006-07-15	schQ4/schQ4	unsupported	
MS-Schema2006-07-15	schR2/schR2	unsupported	
MS-Schema2006-07-15	schR2/schR2.i	unsupported	
MS-Schema2006-07-15	schR3/schR3	unsupported	
MS-Schema2006-07-15	schR4/schR4	unsupported	
MS-Schema2006-07-15	schR5/schR5	unsupported	
MS-Schema2006-07-15	schS1/schS1	unsupported	
MS-Schema2006-07-15	schT1/schT1	unsupported	
MS-Schema2006-07-15	schT10/schT10	unsupported	
MS-Schema2006-07-15	schT10/schT10.v	unsupported	
MS-Schema2006-07-15	schT2/schT2	unsupported	
MS-Schema2006-07-15	schT3/schT3	unsupported	
MS-Schema2006-07-15	schT3/schT3.v	unsupported	
MS-Schema2006-07-15	schT6/schT6	unsupported	
MS-Schema2006-07-15	schT6/schT6.i	unsupported	
MS-Schema2006-07-15	schT9/schT9	unsupported	
MS-Schema2006-07-15	schT9/schT9.v	unsupported	
MS-Schema2006-07-15	schU1/schU1	unsupported	
MS-Schema2006-07-15	schU3/schU3.i	fail	
MS-Schema2006-07-15	schZ001_78029-a/schZ001_78029-a	unsupported	
MS-Schema2006-07-15	schZ002_78029-b/schZ002_78029-b	unsupported	
MS-Schema2006-07-15	schZ003_78029-c/schZ003_78029-c	fail	
MS-Schema2006-07-15	schZ004/schZ004	unsupported	
MS-Schema2006-07-15	schZ007/schZ007	unsupported	
MS-Schema2006-07-15	schZ010/schZ010	fail	
MS-Schema2006-07-15	schZ011_a/schZ011_a	fail	
MS-Schema2006-07-15	schZ011_b/schZ011_b	fail	
MS-Schema2006-07-15	schZ011_c/schZ011_c	fail	
MS-Schema2006-07-15	schZ011_d/schZ011_d	unsupported	
MS-Schema2006-07-15	schZ013/schZ013	unsupported	
MS-Schema2006-07-15	schZ014_a/schZ014_a	fail	
MS-Schema2006-07-15	schZ014_b/schZ014_b	fail	
ElemDecl	scope00201m2/scope00201m2	fail	
MS-DataTypes2006-07-15	short_fractionDigits004_770/short_fractionDigits004_770	fail	
MS-DataTypes2006-07-15	short_fractionDigits007_773/short_fractionDigits007_773	fail	
MS-DataTypes2006-07-15	short_fractionDigits008_774/short_fractionDigits008_774	fail	
MS-DataTypes2006-07-15	short_maxInclusive005_746/short_maxInclusive005_746	fail	
MS-DataTypes2006-07-15	short_minExclusive005_760/short_minExclusive005_760	fail	
MS-DataTypes2006-07-15	short_minInclusive005_755/short_minInclusive005_755	fail	
MS-DataTypes2006-07-15	short_totalDigits003_763/short_totalDigits003_763	fail	
MS-SimpleType2006-07-15	stA008/stA008	fail	
MS-SimpleType2006-07-15	stA009/stA009	fail	
MS-SimpleType2006-07-15	stA010/stA010	fail	
MS-SimpleType2006-07-15	stA011/stA011	fail	
MS-SimpleType2006-07-15	stA012/stA012	fail	
MS-SimpleType2006-07-15	stA013/stA013	fail	
MS-SimpleType2006-07-15	stA014/stA014	fail	
MS-SimpleType2006-07-15	stA015/stA015	fail	
MS-SimpleType2006-07-15	stA017/stA017	fail	
MS-SimpleType2006-07-15	stB007/stB007	fail	
MS-SimpleType2006-07-15	stC002/stC002	unsupported	
MS-SimpleType2006-07-15	stC003/stC003	fail	
MS-SimpleType2006-07-15	stC004/stC004	fail	
MS-SimpleType2006-07-15	stC011/stC011	fail	
MS-SimpleType2006-07-15	stC012/stC012	unsupported	
MS-SimpleType2006-07-15	stC013/stC013	unsupported	
MS-SimpleType2006-07-15	stC023/stC023	unsupported	
MS-SimpleType2006-07-15	stC027/stC027	fail	
MS-SimpleType2006-07-15	stC028/stC028	fail	
MS-SimpleType2006-07-15	stC029/stC029	fail	
MS-SimpleType2006-07-15	stC031/stC031	fail	
MS-SimpleType2006-07-15	stD009/stD009	fail	
MS-SimpleType2006-07-15	stD010/stD010	fail	
MS-SimpleType2006-07-15	stD015/stD015	fail	
MS-SimpleType2006-07-15	stD018/stD018	fail	
MS-SimpleType2006-07-15	stD019/stD019	fail	
MS-SimpleType2006-07-15	stE008/stE008	fail	
MS-SimpleType2006-07-15	stE012/stE012	fail	
MS-SimpleType2006-07-15	stE018/stE018	fail	
MS-SimpleType2006-07-15	stE050/stE050.v	fail	must be the fixed value `1`, not `true`
MS-SimpleType2006-07-15	stE055/stE055.v	fail	must be the fixed value `1.0`, not `1.000`
MS-SimpleType2006-07-15	stE065/stE065.v	fail	must be the fixed value `abcd edfgh `, not `abcd edfgh`
MS-SimpleType2006-07-15	stE066/stE066.v	fail	must be the fixed value `ENU `, not `ENU`
MS-SimpleType2006-07-15	stF005/stF005	unsupported	
MS-SimpleType2006-07-15	stF007/stF007	unsupported	
MS-SimpleType2006-07-15	stF008/stF008	unsupported	
MS-SimpleType2006-07-15	stF009/stF009	fail	
MS-SimpleType2006-07-15	stF010/stF010	fail	
MS-SimpleType2006-07-15	stF011/stF011	fail	
MS-SimpleType2006-07-15	stF012/stF012	fail	
MS-SimpleType2006-07-15	stF013/stF013	unsupported	
MS-SimpleType2006-07-15	stF014/stF014	unsupported	
MS-SimpleType2006-07-15	stF015/stF015	unsupported	
MS-SimpleType2006-07-15	stF018/stF018	fail	
MS-SimpleType2006-07-15	stF019/stF019	fail	
MS-SimpleType2006-07-15	stF020/stF020	fail	
MS-SimpleType2006-07-15	stF021/stF021	unsupported	
MS-SimpleType2006-07-15	stF022/stF022	unsupported	
MS-SimpleType2006-07-15	stF023/stF023	unsupported	
MS-SimpleType2006-07-15	stF024/stF024	fail	
MS-SimpleType2006-07-15	stF025/stF025	fail	
MS-SimpleType2006-07-15	stF026/stF026	fail	
MS-SimpleType2006-07-15	stF027/stF027	fail	
MS-SimpleType2006-07-15	stF028/stF028	unsupported	
MS-SimpleType2006-07-15	stF029/stF029	unsupported	
MS-SimpleType2006-07-15	stF030/stF030	unsupported	
MS-SimpleType2006-07-15	stF031/stF031	unsupported	
MS-SimpleType2006-07-15	stF032/stF032	unsupported	
MS-SimpleType2006-07-15	stF033/stF033	unsupported	
MS-SimpleType2006-07-15	stF035/stF035	fail	
MS-SimpleType2006-07-15	stF037/stF037	fail	
MS-SimpleType2006-07-15	stG012/stG012.v	fail	`
	CA
  ` does not match the pattern `[A-C]{0,2}`
MS-SimpleType2006-07-15	stH005/stH005.v	fail	`
	12345
  ` matches none of the 1 member types
MS-SimpleType2006-07-15	stI004/stI004	fail	
MS-SimpleType2006-07-15	stI005/stI005	fail	
MS-SimpleType2006-07-15	stJ003/stJ003	fail	
MS-SimpleType2006-07-15	stJ009/stJ009	unsupported	
MS-SimpleType2006-07-15	stJ010/stJ010	fail	
MS-SimpleType2006-07-15	stJ011/stJ011	fail	
MS-SimpleType2006-07-15	stJ012/stJ012	fail	
MS-SimpleType2006-07-15	stJ013/stJ013	fail	
MS-SimpleType2006-07-15	stJ014/stJ014	unsupported	
MS-SimpleType2006-07-15	stJ015/stJ015	unsupported	
MS-SimpleType2006-07-15	stJ016/stJ016	unsupported	
MS-SimpleType2006-07-15	stJ017/stJ017	unsupported	
MS-SimpleType2006-07-15	stJ018/stJ018	unsupported	
MS-SimpleType2006-07-15	stJ019/stJ019	fail	
MS-SimpleType2006-07-15	stK002/stK002	fail	
MS-SimpleType2006-07-15	stK003/stK003	fail	
MS-SimpleType2006-07-15	stK005/stK005	fail	
MS-SimpleType2006-07-15	stK006/stK006	fail	
MS-SimpleType2006-07-15	stK007/stK007	fail	
MS-SimpleType2006-07-15	stK010/stK010	unsupported	
MS-SimpleType2006-07-15	stK011/stK011	fail	
MS-SimpleType2006-07-15	stK012/stK012	fail	
MS-SimpleType2006-07-15	stK013/stK013	fail	
MS-SimpleType2006-07-15	stK014/stK014	fail	
MS-SimpleType2006-07-15	stK015/stK015	unsupported	
MS-SimpleType2006-07-15	stK016/stK016	unsupported	
MS-SimpleType2006-07-15	stK017/stK017	unsupported	
MS-SimpleType2006-07-15	stK018/stK018	unsupported	
MS-SimpleType2006-07-15	stK019/stK019	unsupported	
MS-SimpleType2006-07-15	stZ001/stZ001	unsupported	
MS-SimpleType2006-07-15	stZ003/stZ003	unsupported	
MS-SimpleType2006-07-15	stZ005/stZ005	fail	
MS-SimpleType2006-07-15	stZ006/stZ006	fail	
MS-SimpleType2006-07-15	stZ009/stZ009	fail	
MS-SimpleType2006-07-15	stZ010/stZ010	fail	
MS-SimpleType2006-07-15	stZ011/stZ011	fail	
MS-SimpleType2006-07-15	stZ012/stZ012	unsupported	
MS-SimpleType2006-07-15	stZ013/stZ013	fail	
MS-SimpleType2006-07-15	stZ014/stZ014	fail	
MS-SimpleType2006-07-15	stZ018/stZ018	fail	
MS-SimpleType2006-07-15	stZ019/stZ019	fail	
MS-SimpleType2006-07-15	stZ022/stZ022	fail	
MS-SimpleType2006-07-15	stZ026/stZ026	fail	
MS-SimpleType2006-07-15	stZ027/stZ027	fail	
MS-SimpleType2006-07-15	stZ028/stZ028	fail	
MS-SimpleType2006-07-15	stZ032/stZ032	unsupported	
MS-SimpleType2006-07-15	stZ032/stZ032.i	unsupported	
MS-SimpleType2006-07-15	stZ033/stZ033	unsupported	
MS-SimpleType2006-07-15	stZ033/stZ033.i	unsupported	
MS-SimpleType2006-07-15	stZ034/stZ034	unsupported	
MS-SimpleType2006-07-15	stZ034/stZ034.i	unsupported	
MS-SimpleType2006-07-15	stZ037/stZ037.i	fail	
MS-SimpleType2006-07-15	stZ038/stZ038	fail	
MS-SimpleType2006-07-15	stZ039/stZ039.i	fail	
MS-SimpleType2006-07-15	stZ041/stZ041	unsupported	
MS-SimpleType2006-07-15	stZ043/stZ043	unsupported	
MS-SimpleType2006-07-15	stZ043/stZ043.v	unsupported	
MS-SimpleType2006-07-15	stZ044/stZ044	unsupported	
MS-SimpleType2006-07-15	stZ044/stZ044.i	unsupported	
MS-SimpleType2006-07-15	stZ045/stZ045	unsupported	
MS-SimpleType2006-07-15	stZ045/stZ045.v	unsupported	
MS-SimpleType2006-07-15	stZ046/stZ046	unsupported	
MS-SimpleType2006-07-15	stZ046/stZ046.v	unsupported	
MS-SimpleType2006-07-15	stZ047/stZ047	unsupported	
MS-SimpleType2006-07-15	stZ047/stZ047.v	unsupported	
MS-SimpleType2006-07-15	stZ048/stZ048	unsupported	
MS-SimpleType2006-07-15	stZ049/stZ049	unsupported	
MS-SimpleType2006-07-15	stZ050/stZ050	unsupported	
MS-SimpleType2006-07-15	stZ050/stZ050.v	unsupported	
MS-SimpleType2006-07-15	stZ051/stZ051	unsupported	
MS-SimpleType2006-07-15	stZ051/stZ051.i	unsupported	
MS-SimpleType2006-07-15	stZ052/stZ052	unsupported	
MS-SimpleType2006-07-15	stZ052/stZ052.v	unsupported	
MS-SimpleType2006-07-15	stZ053/stZ053	unsupported	
MS-SimpleType2006-07-15	stZ053/stZ053.v	unsupported	
MS-SimpleType2006-07-15	stZ054/stZ054	unsupported	
MS-SimpleType2006-07-15	stZ054/stZ054.v	unsupported	
MS-SimpleType2006-07-15	stZ055/stZ055	unsupported	
MS-SimpleType2006-07-15	stZ055/stZ055.v	unsupported	
MS-SimpleType2006-07-15	stZ056/stZ056	unsupported	
MS-SimpleType2006-07-15	stZ056/stZ056.i	unsupported	
MS-SimpleType2006-07-15	stZ057/stZ057	unsupported	
MS-SimpleType2006-07-15	stZ057/stZ057.v	unsupported	
MS-SimpleType2006-07-15	stZ058/stZ058.v	blocked	
MS-SimpleType2006-07-15	stZ059/stZ059.i	blocked	
MS-SimpleType2006-07-15	stZ060/stZ060.i	blocked	
MS-SimpleType2006-07-15	stZ061/stZ061.i	blocked	
MS-SimpleType2006-07-15	stZ062/stZ062.v	blocked	
MS-SimpleType2006-07-15	stZ063/stZ063.v	blocked	
MS-SimpleType2006-07-15	stZ064/stZ064.i	blocked	
MS-SimpleType2006-07-15	stZ066/stZ066.i	blocked	
MS-SimpleType2006-07-15	stZ069/stZ069	unsupported	
MS-SimpleType2006-07-15	stZ070/stZ070	fail	
MS-SimpleType2006-07-15	stZ071/stZ071	unsupported	
MS-SimpleType2006-07-15	stZ071/stZ071.v	unsupported	
MS-SimpleType2006-07-15	stZ072/stZ072	unsupported	
MS-SimpleType2006-07-15	stZ072/stZ072.v	unsupported	
MS-SimpleType2006-07-15	stZ074/stZ074	unsupported	
MS-SimpleType2006-07-15	stZ074/stZ074.v	unsupported	
MS-SimpleType2006-07-15	stZ075/stZ075	unsupported	
MS-SimpleType2006-07-15	stZ075/stZ075.v	unsupported	
SType	st_annotation00101m2/Positive	unsupported	
SType	st_annotation00101m2/ST_annotation00101m2	unsupported	
SType	st_basetd00201m/ST_baseTD00201m1_n	fail	
SType	st_facets00119m/ST_facets00119m1_n	fail	
SType	st_final00101m1/ST_final00101m1	unsupported	
SType	st_final00101m2/Negative	unsupported	
SType	st_final00101m2/Positive	unsupported	
SType	st_final00101m2/ST_final00101m2	unsupported	
SType	st_final00101m3/Negative	unsupported	
SType	st_final00101m3/Positive	unsupported	
SType	st_final00101m3/ST_final00101m3	unsupported	
SType	st_final00101m4/Negative	unsupported	
SType	st_final00101m4/Positive	unsupported	
SType	st_final00101m4/ST_final00101m4	unsupported	
SType	st_final00101m5/Negative	unsupported	
SType	st_final00101m5/Positive	unsupported	
SType	st_final00101m5/ST_final00101m5	unsupported	
SType	st_final00101m6/Negative	unsupported	
SType	st_final00101m6/Positive	unsupported	
SType	st_final00101m6/ST_final00101m6	unsupported	
SType	st_final00102m1/ST_final00102m1	unsupported	
SType	st_final00102m2/Negative	unsupported	
SType	st_final00102m2/Positive	unsupported	
SType	st_final00102m2/ST_final00102m2	unsupported	
SType	st_final00102m3/Negative	unsupported	
SType	st_final00102m3/Positive	unsupported	
SType	st_final00102m3/ST_final00102m3	unsupported	
SType	st_final00102m4/Negative	unsupported	
SType	st_final00102m4/Positive	unsupported	
SType	st_final00102m4/ST_final00102m4	unsupported	
SType	st_final00102m5/Negative	unsupported	
SType	st_final00102m5/Positive	unsupported	
SType	st_final00102m5/ST_final00102m5	unsupported	
SType	st_final00102m6/Negative	unsupported	
SType	st_final00102m6/Positive	unsupported	
SType	st_final00102m6/ST_final00102m6	unsupported	
SType	st_final00103m1/ST_final00103m1	unsupported	
SType	st_final00103m2/Negative	unsupported	
SType	st_final00103m2/Positive	unsupported	
SType	st_final00103m2/ST_final00103m2	unsupported	
SType	st_final00103m3/Negative	unsupported	
SType	st_final00103m3/Positive	unsupported	
SType	st_final00103m3/ST_final00103m3	unsupported	
SType	st_name00101m/ST_name00101m1_n	fail	
SType	st_name00201m/ST_name00201m	fail	
SType	st_name00301m/ST_name00301m	fail	
SType	st_name00401m/ST_name00401m1_p	fail	the schema declares no top-level element named `test` (it declares: )
SType	st_targetns00101m/ST_targetNS00101m1_p	fail	the schema declares no top-level element named `test` (it declares: )
SType	st_targetns00101m/ST_targetNS00101m2_p	fail	the schema declares no top-level element named `test` (it declares: )
SType	st_targetns00201m/ST_targetNS00201m1_p	fail	the schema declares no top-level element named `test` (it declares: )
SType	st_variety00201m1/ST_variety00201m1	fail	
SType	st_variety00201m2/ST_variety00201m2	fail	
MS-DataTypes2006-07-15	string_length006_5/string_length006_5	fail	
MS-DataTypes2006-07-15	string_length007_6/string_length007_6	fail	
MS-DataTypes2006-07-15	string_minLength006_12/string_minLength006_12	fail	
MS-DataTypes2006-07-15	string_pattern002_1031/string_pattern002_1031.i	fail	
ElemDecl	substgrpaffil00101m/substGrpAffil00101m	unsupported	
ElemDecl	substgrpaffil00101m/substGrpAffil00101m1_n	unsupported	
ElemDecl	substgrpaffil00101m/substGrpAffil00101m1_p	unsupported	
ElemDecl	substgrpaffil00201m/substGrpAffil00201m	unsupported	
ElemDecl	substgrpaffil00201m/substGrpAffil00201m1_n	unsupported	
ElemDecl	substgrpaffil00201m/substGrpAffil00201m1_p	unsupported	
ElemDecl	substgrpexcl00202m1/Positive	unsupported	
ElemDecl	substgrpexcl00202m1/substGrpExcl00202m1	unsupported	
ElemDecl	substgrpexcl00202m2/substGrpExcl00202m2	unsupported	
ElemDecl	substgrpexcl00301m1/Positive	unsupported	
ElemDecl	substgrpexcl00301m1/substGrpExcl00301m1	unsupported	
ElemDecl	substgrpexcl00301m3/Positive	unsupported	
ElemDecl	substgrpexcl00301m3/substGrpExcl00301m3	unsupported	
ElemDecl	substgrpexcl00303m1/Positive	unsupported	
ElemDecl	substgrpexcl00303m1/substGrpExcl00303m1	unsupported	
ElemDecl	substgrpexcl00303m2/substGrpExcl00303m2	unsupported	
ElemDecl	substgrpexcl00303m3/Positive	unsupported	
ElemDecl	substgrpexcl00303m3/substGrpExcl00303m3	unsupported	
ElemDecl	substgrpexcl00402m1/substGrpExcl00402m1	unsupported	
ElemDecl	substgrpexcl00402m2/substGrpExcl00402m2	unsupported	
ElemDecl	substgrpexcl00402m3/substGrpExcl00402m3	unsupported	
ElemDecl	substgrpexcl00402m4/substGrpExcl00402m4	unsupported	
ElemDecl	substgrpexcl00402m5/substGrpExcl00402m5	unsupported	
ElemDecl	substgrpexcl00402m6/substGrpExcl00402m6	unsupported	
ElemDecl	substgrpexcl00402m7/Positive	unsupported	
ElemDecl	substgrpexcl00402m7/substGrpExcl00402m7	unsupported	
Notation	systemid00101m1/Positive	unsupported	
Notation	systemid00101m1/systemId00101m1	unsupported	
Notation	systemid00201m1/Positive	unsupported	
Notation	systemid00201m1/systemId00201m1	unsupported	
CType	targetns00101m/targetNS00101m1_p	fail	the schema declares no top-level element named `test` (it declares: )
ElemDecl	targetns00101m/targetNS00101m1_p	fail	`XII` is not a valid decimal
MGroupDef	targetns00101m1/Negative	fail	
Notation	targetns00101m1/Positive	unsupported	
Notation	targetns00101m1/targetNS00101m1	unsupported	
MGroupDef	targetns00101m2/Negative	fail	
IdConstrDefs	targetns00101m2/targetNS00101m2	fail	
ElemDecl	targetns00301m1/Negative	unsupported	
ElemDecl	targetns00301m1/Positive	unsupported	
ElemDecl	targetns00301m1/targetNS00301m1	unsupported	
ElemDecl	targetns00301m2/Negative	unsupported	
ElemDecl	targetns00301m2/Positive	unsupported	
ElemDecl	targetns00301m2/targetNS00301m2	unsupported	
ElemDecl	targetns00301m3/Negative	fail	
ElemDecl	targetns00302m1/Negative	unsupported	
ElemDecl	targetns00302m1/Positive	unsupported	
ElemDecl	targetns00302m1/targetNS00302m1	unsupported	
ElemDecl	targetns00302m2/Negative	unsupported	
ElemDecl	targetns00302m2/Positive	unsupported	
ElemDecl	targetns00302m2/targetNS00302m2	unsupported	
ElemDecl	targetns00302m3/Negative	fail	
ElemDecl	targetns00303m1/Negative	unsupported	
ElemDecl	targetns00303m1/Positive	unsupported	
ElemDecl	targetns00303m1/targetNS00303m1	unsupported	
ElemDecl	targetns00303m2/Negative	unsupported	
ElemDecl	targetns00303m2/Positive	unsupported	
ElemDecl	targetns00303m2/targetNS00303m2	unsupported	
ElemDecl	targetns00303m3/Negative	fail	
ElemDecl	targetns00401m/targetNS00401m1_n	fail	
ElemDecl	targetns00402m/targetNS00402m1_n	fail	
suntest	test002/test	unsupported	
suntest	test002/test.1.v	unsupported	
suntest	test002/test.2.n	unsupported	
suntest	test002/test.3.n	unsupported	
suntest	test002/test.4.n	unsupported	
suntest	test002/test.5.n	unsupported	
suntest	test003/test.2.n	fail	
suntest	test003/test.3.n	fail	
suntest	test003/test.4.n	fail	
suntest	test003/test.5.n	fail	
suntest	test004/test	unsupported	
suntest	test004/test.1.v	unsupported	
suntest	test004/test.2.n	unsupported	
suntest	test004/test.3.n	unsupported	
suntest	test004/test.4.n	unsupported	
suntest	test004/test.5.n	unsupported	
suntest	test005/test	unsupported	
suntest	test005/test.1.v	unsupported	
suntest	test005/test.2.n	unsupported	
suntest	test005/test.3.n	unsupported	
suntest	test005/test.4.n	unsupported	
suntest	test005/test.5.n	unsupported	
suntest	test006/test	unsupported	
suntest	test006/test.1.v	unsupported	
suntest	test006/test.10.n	unsupported	
suntest	test006/test.11.n	unsupported	
suntest	test006/test.12.n	unsupported	
suntest	test006/test.13.n	unsupported	
suntest	test006/test.14.n	unsupported	
suntest	test006/test.15.n	unsupported	
suntest	test006/test.16.n	unsupported	
suntest	test006/test.17.n	unsupported	
suntest	test006/test.18.n	unsupported	
suntest	test006/test.19.n	unsupported	
suntest	test006/test.2.v	unsupported	
suntest	test006/test.20.n	unsupported	
suntest	test006/test.21.n	unsupported	
suntest	test006/test.22.n	unsupported	
suntest	test006/test.23.n	unsupported	
suntest	test006/test.24.n	unsupported	
suntest	test006/test.25.n	unsupported	
suntest	test006/test.26.n	unsupported	
suntest	test006/test.27.n	unsupported	
suntest	test006/test.28.n	unsupported	
suntest	test006/test.29.n	unsupported	
suntest	test006/test.3.n	unsupported	
suntest	test006/test.30.n	unsupported	
suntest	test006/test.31.n	unsupported	
suntest	test006/test.32.n	unsupported	
suntest	test006/test.33.n	unsupported	
suntest	test006/test.34.n	unsupported	
suntest	test006/test.4.n	unsupported	
suntest	test006/test.5.n	unsupported	
suntest	test006/test.6.n	unsupported	
suntest	test006/test.7.n	unsupported	
suntest	test006/test.8.n	unsupported	
suntest	test006/test.9.n	unsupported	
suntest	test007/test.2.n	fail	
suntest	test007/test.3.n	fail	
suntest	test007/test.4.n	fail	
suntest	test007/test.5.n	fail	
suntest	test007/test.7.n	fail	
suntest	test007/test.8.n	fail	
suntest	test008/test.1.n	fail	
suntest	test008/test.10.n	fail	
suntest	test008/test.11.n	fail	
suntest	test008/test.12.n	fail	
suntest	test008/test.5.n	fail	
suntest	test008/test.7.n	fail	
suntest	test008/test.8.n	fail	
suntest	test008/test.9.n	fail	
MS-Additional2006-07-15	test93160/test93160.i	fail	
MS-DataTypes2006-07-15	time_maxExclusive003_1157/time_maxExclusive003_1157.v	fail	13:20:00-03:00 must be less than 13:20:00-04:00
MS-DataTypes2006-07-15	time_maxInclusive003_118/time_maxInclusive003_118	fail	
MS-DataTypes2006-07-15	time_maxInclusive007_119/time_maxInclusive007_119	fail	
MS-DataTypes2006-07-15	time_minExclusive003_127/time_minExclusive003_127	fail	
MS-DataTypes2006-07-15	time_minExclusive005_1168/time_minExclusive005_1168.v	fail	13:20:00-03:00 must be less than 13:20:00-04:00
MS-DataTypes2006-07-15	time_minInclusive003_124/time_minInclusive003_124	fail	
MS-DataTypes2006-07-15	time_minInclusive005_1162/time_minInclusive005_1162.v	fail	13:20:00-03:00 must be less than 13:20:00-04:00
MS-DataTypes2006-07-15	time_minInclusive006_1163/time_minInclusive006_1163.i	fail	
MS-DataTypes2006-07-15	token_length006_350/token_length006_350	fail	
MS-DataTypes2006-07-15	token_length007_351/token_length007_351	fail	
MS-DataTypes2006-07-15	token_minLength006_357/token_minLength006_357	fail	
MS-DataTypes2006-07-15	token_whitespace001_367/token_whitespace001_367	fail	
ElemDecl	typedef00204m/typeDef00204m	unsupported	
ElemDecl	typedef00204m/typeDef00204m1_n	unsupported	
ElemDecl	typedef00204m/typeDef00204m1_p	unsupported	
ElemDecl	typedef00205m/typeDef00205m	unsupported	
ElemDecl	typedef00205m/typeDef00205m1_p	unsupported	
ElemDecl	typedef00401m/typeDef00401m1_n	fail	
ElemDecl	typedef00402m/typeDef00402m1_n	fail	
ElemDecl	typedef00701m/typeDef00701m1_n	fail	
ElemDecl	typedef00801m1/Positive	unsupported	
ElemDecl	typedef00801m1/typeDef00801m1	unsupported	
ElemDecl	typedef00801m2/Negative	unsupported	
ElemDecl	typedef00801m2/typeDef00801m2	unsupported	
ElemDecl	typedef00801m3/Negative	unsupported	
ElemDecl	typedef00801m3/typeDef00801m3	unsupported	
ElemDecl	typedef00802m1/Negative	unsupported	
ElemDecl	typedef00802m1/Positive	unsupported	
ElemDecl	typedef00802m1/typeDef00802m1	unsupported	
ElemDecl	typedef00802m2/Negative	unsupported	
ElemDecl	typedef00802m2/typeDef00802m2	unsupported	
ElemDecl	typedef00901m1/Negative	fail	
ElemDecl	typedef01101m1/Negative	unsupported	
ElemDecl	typedef01101m1/Positive	unsupported	
ElemDecl	typedef01101m1/typeDef01101m1	unsupported	
ElemDecl	typedef01201m1/Negative	fail	
ElemDecl	typedef01202m1/Negative	fail	
ElemDecl	typedef01501m1/Negative	unsupported	
ElemDecl	typedef01501m1/Positive	unsupported	
ElemDecl	typedef01501m1/typeDef01501m1	unsupported	
MS-DataTypes2006-07-15	union_minInclisive_1019/union_minInclisive_1019	fail	
MS-DataTypes2006-07-15	unsignedByte_fractionDigits004_982/unsignedByte_fractionDigits004_982	fail	
MS-DataTypes2006-07-15	unsignedByte_fractionDigits007_985/unsignedByte_fractionDigits007_985	fail	
MS-DataTypes2006-07-15	unsignedByte_fractionDigits008_986/unsignedByte_fractionDigits008_986	fail	
MS-DataTypes2006-07-15	unsignedByte_maxInclusive005_958/unsignedByte_maxInclusive005_958	fail	
MS-DataTypes2006-07-15	unsignedByte_minExclusive005_972/unsignedByte_minExclusive005_972	fail	
MS-DataTypes2006-07-15	unsignedByte_minInclusive005_967/unsignedByte_minInclusive005_967	fail	
MS-DataTypes2006-07-15	unsignedByte_totalDigits003_975/unsignedByte_totalDigits003_975	fail	
MS-DataTypes2006-07-15	unsignedInt_fractionDigits004_910/unsignedInt_fractionDigits004_910	fail	
MS-DataTypes2006-07-15	unsignedInt_fractionDigits007_913/unsignedInt_fractionDigits007_913	fail	
MS-DataTypes2006-07-15	unsignedInt_fractionDigits008_914/unsignedInt_fractionDigits008_914	fail	
MS-DataTypes2006-07-15	unsignedInt_maxInclusive005_886/unsignedInt_maxInclusive005_886	fail	
MS-DataTypes2006-07-15	unsignedInt_minExclusive005_900/unsignedInt_minExclusive005_900	fail	
MS-DataTypes2006-07-15	unsignedInt_minInclusive005_895/unsignedInt_minInclusive005_895	fail	
MS-DataTypes2006-07-15	unsignedInt_totalDigits003_903/unsignedInt_totalDigits003_903	fail	
MS-DataTypes2006-07-15	unsignedLong_fractionDigits004_874/unsignedLong_fractionDigits004_874	fail	
MS-DataTypes2006-07-15	unsignedLong_fractionDigits007_877/unsignedLong_fractionDigits007_877	fail	
MS-DataTypes2006-07-15	unsignedLong_fractionDigits008_878/unsignedLong_fractionDigits008_878	fail	
MS-DataTypes2006-07-15	unsignedLong_maxInclusive005_850/unsignedLong_maxInclusive005_850	fail	
MS-DataTypes2006-07-15	unsignedLong_minExclusive005_864/unsignedLong_minExclusive005_864	fail	
MS-DataTypes2006-07-15	unsignedLong_minInclusive005_859/unsignedLong_minInclusive005_859	fail	
MS-DataTypes2006-07-15	unsignedLong_totalDigits003_867/unsignedLong_totalDigits003_867	fail	
MS-DataTypes2006-07-15	unsignedShort_fractionDigits004_946/unsignedShort_fractionDigits004_946	fail	
MS-DataTypes2006-07-15	unsignedShort_fractionDigits007_949/unsignedShort_fractionDigits007_949	fail	
MS-DataTypes2006-07-15	unsignedShort_fractionDigits008_950/unsignedShort_fractionDigits008_950	fail	
MS-DataTypes2006-07-15	unsignedShort_maxInclusive005_922/unsignedShort_maxInclusive005_922	fail	
MS-DataTypes2006-07-15	unsignedShort_minExclusive005_936/unsignedShort_minExclusive005_936	fail	
MS-DataTypes2006-07-15	unsignedShort_minInclusive005_931/unsignedShort_minInclusive005_931	fail	
MS-DataTypes2006-07-15	unsignedShort_totalDigits003_939/unsignedShort_totalDigits003_939	fail	
ElemDecl	valueconstraint00101m1/Positive	unsupported	
ElemDecl	valueconstraint00101m1/valueConstraint00101m1	unsupported	
ElemDecl	valueconstraint00101m2/valueConstraint00101m2	unsupported	
ElemDecl	valueconstraint00201m/valueConstraint00201m1_p	fail	must be the fixed value `12`, not ``
ElemDecl	valueconstraint00301m1/Positive	unsupported	
ElemDecl	valueconstraint00301m1/valueConstraint00301m1	unsupported	
ElemDecl	valueconstraint00301m2/Positive	fail	must be the fixed value `0`, not ``
ElemDecl	valueconstraint00301m3/valueConstraint00301m3	unsupported	
ElemDecl	valueconstraint00301m4/valueConstraint00301m4	unsupported	
ElemDecl	valueconstraint00301m5/valueConstraint00301m5	unsupported	
ElemDecl	valueconstraint00401m1/Positive	unsupported	
ElemDecl	valueconstraint00401m1/valueConstraint00401m1	unsupported	
ElemDecl	valueconstraint00401m2/valueConstraint00401m2	unsupported	
ElemDecl	valueconstraint00401m3/Positive	unsupported	
ElemDecl	valueconstraint00401m3/valueConstraint00401m3	unsupported	
ElemDecl	valueconstraint00401m4/Positive	unsupported	
ElemDecl	valueconstraint00401m4/valueConstraint00401m4	unsupported	
ElemDecl	valueconstraint00401m5/Positive	unsupported	
ElemDecl	valueconstraint00401m5/valueConstraint00401m5	unsupported	
ElemDecl	valueconstraint00401m6/valueConstraint00401m6	unsupported	
ElemDecl	valueconstraint00401m7/Positive	unsupported	
ElemDecl	valueconstraint00401m7/valueConstraint00401m7	unsupported	
ElemDecl	valueconstraint00401m8/valueConstraint00401m8	unsupported	
ElemDecl	valueconstraint00401m9/Positive	unsupported	
ElemDecl	valueconstraint00401m9/valueConstraint00401m9	unsupported	
ElemDecl	valueconstraint00402m2/valueConstraint00402m2	fail	
ElemDecl	valueconstraint00402m6/valueConstraint00402m6	fail	
ElemDecl	valueconstraint00402m8/valueConstraint00402m8	fail	
ElemDecl	valueconstraint00501m1/Positive	fail	must be the fixed value `1.0E-2`, not ``
ElemDecl	valueconstraint00501m2/Positive	fail	must be the fixed value `1.0e-2`, not ``
ElemDecl	valueconstraint00501m4/Positive	unsupported	
ElemDecl	valueconstraint00501m4/valueConstraint00501m4	unsupported	
ElemDecl	valueconstraint00501m5/Positive	unsupported	
ElemDecl	valueconstraint00501m5/valueConstraint00501m5	unsupported	
ElemDecl	valueconstraint00501m6/Negative	unsupported	
ElemDecl	valueconstraint00501m6/valueConstraint00501m6	unsupported	
ElemDecl	valueconstraint00601m1/Positive	fail	must be the fixed value `1.0e-2`, not ``
ElemDecl	valueconstraint00601m2/valueConstraint00601m2	fail	
ElemDecl	valueconstraint00601m3/Positive	unsupported	
ElemDecl	valueconstraint00601m3/valueConstraint00601m3	unsupported	
ElemDecl	valueconstraint00601m4/valueConstraint00601m4	unsupported	
ElemDecl	valueconstraint00601m5/Positive	fail	must be the fixed value `1.0E-2`, not ``
ElemDecl	valueconstraint00601m6/valueConstraint00601m6	fail	
ElemDecl	valueconstraint00601m7/Positive	unsupported	
ElemDecl	valueconstraint00601m7/valueConstraint00601m7	unsupported	
ElemDecl	valueconstraint00601m8/valueConstraint00601m8	unsupported	
ElemDecl	valueconstraint00701m1/Negative	unsupported	
ElemDecl	valueconstraint00701m1/Positive	unsupported	
ElemDecl	valueconstraint00701m1/valueConstraint00701m1	unsupported	
ElemDecl	valueconstraint00801m1/Negative	unsupported	
ElemDecl	valueconstraint00801m1/Positive	unsupported	
ElemDecl	valueconstraint00801m1/valueConstraint00801m1	unsupported	
ElemDecl	valueconstraint01001m2/valueConstraint01001m2	fail	
ElemDecl	valueconstraint01001m3/valueConstraint01001m3	unsupported	
ElemDecl	valueconstraint01001m5/valueConstraint01001m5	fail	
ElemDecl	valueconstraint01001m6/valueConstraint01001m6	unsupported	
ElemDecl	valueconstraint01001m8/Positive	unsupported	
ElemDecl	valueconstraint01001m8/valueConstraint01001m8	unsupported	
ElemDecl	valueconstraint01101m1/Positive	fail	must be the fixed value `0`, not ``
ElemDecl	valueconstraint01101m3/Positive	unsupported	
ElemDecl	valueconstraint01101m3/valueConstraint01101m3	unsupported	
ElemDecl	valueconstraint01101m4/Negative	unsupported	
ElemDecl	valueconstraint01101m4/valueConstraint01101m4	unsupported	
MS-Wildcards2006-07-15	wildB014/wildB014	fail	
MS-Wildcards2006-07-15	wildB015/wildB015	fail	
MS-Wildcards2006-07-15	wildB016/wildB016	fail	
MS-Wildcards2006-07-15	wildB020/wildB020	fail	
MS-Wildcards2006-07-15	wildB022/wildB022	fail	
MS-Wildcards2006-07-15	wildB023/wildB023	fail	
MS-Wildcards2006-07-15	wildB024/wildB024	fail	
MS-Wildcards2006-07-15	wildB027/wildB027	fail	
MS-Wildcards2006-07-15	wildB028/wildB028	fail	
MS-Wildcards2006-07-15	wildC035/wildC035	fail	
MS-Wildcards2006-07-15	wildC036/wildC036	fail	
MS-Wildcards2006-07-15	wildC049/wildC049	fail	
MS-Wildcards2006-07-15	wildC050/wildC050	fail	
MS-Wildcards2006-07-15	wildC051/wildC051	fail	
MS-Wildcards2006-07-15	wildC052/wildC052	fail	
MS-Wildcards2006-07-15	wildC053/wildC053	fail	
MS-Wildcards2006-07-15	wildC055/wildC055	fail	
MS-Wildcards2006-07-15	wildC056/wildC056	fail	
MS-Wildcards2006-07-15	wildC057/wildC057	fail	
MS-Wildcards2006-07-15	wildC058/wildC058	fail	
MS-Wildcards2006-07-15	wildC066/wildC066	fail	
MS-Wildcards2006-07-15	wildC067/wildC067	fail	
MS-Wildcards2006-07-15	wildD071/wildD071	fail	
MS-Wildcards2006-07-15	wildD075/wildD075	fail	
MS-Wildcards2006-07-15	wildD076/wildD076	fail	
MS-Wildcards2006-07-15	wildD077/wildD077	fail	
MS-Wildcards2006-07-15	wildD078/wildD078	fail	
MS-Wildcards2006-07-15	wildD079/wildD079	fail	
MS-Wildcards2006-07-15	wildF006/wildF006	fail	
MS-Wildcards2006-07-15	wildF007/wildF007	fail	
MS-Wildcards2006-07-15	wildF008/wildF008	fail	
MS-Wildcards2006-07-15	wildF009/wildF009	fail	
MS-Wildcards2006-07-15	wildF010/wildF010	fail	
MS-Wildcards2006-07-15	wildF012/wildF012	fail	
MS-Wildcards2006-07-15	wildF013/wildF013	fail	
MS-Wildcards2006-07-15	wildF014/wildF014	fail	
MS-Wildcards2006-07-15	wildF015/wildF015	fail	
MS-Wildcards2006-07-15	wildF016/wildF016	fail	
MS-Wildcards2006-07-15	wildF018/wildF018	fail	
MS-Wildcards2006-07-15	wildG010/wildG010.v	fail	expected `` between 1 and 10 times, found 0
MS-Wildcards2006-07-15	wildG013/wildG013.v	fail	expected `` at least 1 times, found 0
MS-Wildcards2006-07-15	wildG016/wildG016.v	fail	`bar` matched a strict wildcard but has no declaration
MS-Wildcards2006-07-15	wildG018/wildG018.v	fail	`bar` matched a strict wildcard but has no declaration
MS-Wildcards2006-07-15	wildG026/wildG026.v	fail	`bar` matched a strict wildcard but has no declaration
MS-Wildcards2006-07-15	wildG031/wildG031.v	fail	expected `` at least 1 times, found 0
MS-Wildcards2006-07-15	wildG035/wildG035.v	fail	`bar` matched a strict wildcard but has no declaration
MS-Wildcards2006-07-15	wildG037/wildG037.v	fail	`b` matched a strict wildcard but has no declaration
MS-Wildcards2006-07-15	wildI002/wildI002	fail	
MS-Wildcards2006-07-15	wildI003/wildI003	fail	
MS-Wildcards2006-07-15	wildI004i/wildI004i	fail	the schema is not well-formed XML: at byte 0: content after the root element
MS-Wildcards2006-07-15	wildI004i/wildI004i.i	blocked	
MS-Wildcards2006-07-15	wildI005/wildI005.v	fail	expected `` at least 1 times, found 0
MS-Wildcards2006-07-15	wildI006/wildI006	unsupported	
MS-Wildcards2006-07-15	wildI006/wildI006.v	unsupported	
MS-Wildcards2006-07-15	wildI007/wildI007	unsupported	
MS-Wildcards2006-07-15	wildI007/wildI007.v	unsupported	
MS-Wildcards2006-07-15	wildI008/wildI008	unsupported	
MS-Wildcards2006-07-15	wildI009/wildI009	unsupported	
MS-Wildcards2006-07-15	wildI010/wildI010	unsupported	
MS-Wildcards2006-07-15	wildI013/wildI013	unsupported	
MS-Wildcards2006-07-15	wildI014/wildI014	unsupported	
MS-Wildcards2006-07-15	wildK002/wildK002	fail	
MS-Wildcards2006-07-15	wildK006/wildK006	fail	
MS-Wildcards2006-07-15	wildK007/wildK007	fail	
MS-Wildcards2006-07-15	wildK020/wildK020	fail	
MS-Wildcards2006-07-15	wildK021/wildK021	fail	
MS-Wildcards2006-07-15	wildK022/wildK022	fail	
MS-Wildcards2006-07-15	wildK023/wildK023	fail	
MS-Wildcards2006-07-15	wildK024/wildK024	fail	
MS-Wildcards2006-07-15	wildK026/wildK026	fail	
MS-Wildcards2006-07-15	wildK027/wildK027	fail	
MS-Wildcards2006-07-15	wildK028/wildK028	fail	
MS-Wildcards2006-07-15	wildK029/wildK029	fail	
MS-Wildcards2006-07-15	wildK038/wildK038	fail	
MS-Wildcards2006-07-15	wildL001/wildL001	fail	
MS-Wildcards2006-07-15	wildL005/wildL005	fail	
MS-Wildcards2006-07-15	wildL006/wildL006	fail	
MS-Wildcards2006-07-15	wildL007/wildL007	fail	
MS-Wildcards2006-07-15	wildL008/wildL008	fail	
MS-Wildcards2006-07-15	wildL009/wildL009	fail	
MS-Wildcards2006-07-15	wildN001/wildN001	fail	
MS-Wildcards2006-07-15	wildN006/wildN006	fail	
MS-Wildcards2006-07-15	wildN007/wildN007	fail	
MS-Wildcards2006-07-15	wildN008/wildN008	fail	
MS-Wildcards2006-07-15	wildN009/wildN009	fail	
MS-Wildcards2006-07-15	wildN010/wildN010	fail	
MS-Wildcards2006-07-15	wildN012/wildN012	fail	
MS-Wildcards2006-07-15	wildN013/wildN013	fail	
MS-Wildcards2006-07-15	wildN014/wildN014	fail	
MS-Wildcards2006-07-15	wildN015/wildN015	fail	
MS-Wildcards2006-07-15	wildN016/wildN016	fail	
MS-Wildcards2006-07-15	wildN018/wildN018	fail	
MS-Wildcards2006-07-15	wildO001/wildO001.v	fail	matched a strict wildcard but has no declaration
MS-Wildcards2006-07-15	wildO002/wildO002.v	fail	matched a strict wildcard but has no declaration
MS-Wildcards2006-07-15	wildO003/wildO003.i	fail	
MS-Wildcards2006-07-15	wildO004/wildO004.v	fail	matched a strict wildcard but has no declaration
MS-Wildcards2006-07-15	wildO007/wildO007.v	fail	matched a strict wildcard but has no declaration
MS-Wildcards2006-07-15	wildO010/wildO010.v	fail	matched a strict wildcard but has no declaration
MS-Wildcards2006-07-15	wildO012/wildO012.v	fail	matched a strict wildcard but has no declaration
MS-Wildcards2006-07-15	wildO013/wildO013.v	fail	matched a strict wildcard but has no declaration
MS-Wildcards2006-07-15	wildO015/wildO015.v	fail	matched a strict wildcard but has no declaration
MS-Wildcards2006-07-15	wildO016/wildO016.v	fail	matched a strict wildcard but has no declaration
MS-Wildcards2006-07-15	wildO018/wildO018.v	fail	matched a strict wildcard but has no declaration
MS-Wildcards2006-07-15	wildO019/wildO019.v	fail	matched a strict wildcard but has no declaration
MS-Wildcards2006-07-15	wildO021/wildO021.v	fail	matched a strict wildcard but has no declaration
MS-Wildcards2006-07-15	wildO023/wildO023.v	fail	matched a strict wildcard but has no declaration
MS-Wildcards2006-07-15	wildO026/wildO026.v	fail	matched a strict wildcard but has no declaration
MS-Wildcards2006-07-15	wildO027/wildO027.v	fail	matched a strict wildcard but has no declaration
MS-Wildcards2006-07-15	wildO029/wildO029.v	fail	matched a strict wildcard but has no declaration
MS-Wildcards2006-07-15	wildO031/wildO031.v	fail	matched a strict wildcard but has no declaration
MS-Wildcards2006-07-15	wildO033/wildO033.v	fail	matched a strict wildcard but has no declaration
MS-Wildcards2006-07-15	wildO037/wildO037.v	fail	matched a strict wildcard but has no declaration
MS-Wildcards2006-07-15	wildO038/wildO038.v	fail	matched a strict wildcard but has no declaration
MS-Wildcards2006-07-15	wildO040/wildO040.v	fail	matched a strict wildcard but has no declaration
MS-Wildcards2006-07-15	wildP001/wildP001.v	fail	matched a strict wildcard but has no declaration
MS-Wildcards2006-07-15	wildQ001/wildQ001	fail	
MS-Wildcards2006-07-15	wildQ002/wildQ002	fail	
MS-Wildcards2006-07-15	wildQ003/wildQ003	fail	
MS-Wildcards2006-07-15	wildQ004/wildQ004	fail	
MS-Wildcards2006-07-15	wildZ002/wildZ002	unsupported	
MS-Wildcards2006-07-15	wildZ002/wildZ002.v	unsupported	
MS-Wildcards2006-07-15	wildZ003/wildZ003.v	fail	the schema declares no top-level element named `elt1` (it declares: elem)
MS-Wildcards2006-07-15	wildZ004/wildZ004.v	fail	this element must contain text, not child elements
MS-Wildcards2006-07-15	wildZ006/wildZ006.i	fail	
MS-Wildcards2006-07-15	wildZ008/wildZ008	fail	
MS-Wildcards2006-07-15	wildZ009/wildZ009	fail	
MS-Wildcards2006-07-15	wildZ010/wildZ010.v	fail	expected `` exactly once, found 0
MS-Wildcards2006-07-15	wildZ011/wildZ011.i	fail	
MS-Wildcards2006-07-15	wildZ013/wildZ013	fail	
MS-Wildcards2006-07-15	wildZ013a/wildZ013a.i	fail	
MS-Wildcards2006-07-15	wildZ013d/wildZ013d.i	fail	
MS-Wildcards2006-07-15	wildZ013e/wildZ013e.i	fail	
MS-Wildcards2006-07-15	wildZ013f/wildZ013f.i	fail	
suntest	xsd001/xsd001.n07	fail	
suntest	xsd002/xsd002	unsupported	
suntest	xsd002/xsd002.n00	unsupported	
suntest	xsd002/xsd002.n01	unsupported	
suntest	xsd002/xsd002.n02	unsupported	
suntest	xsd002/xsd002.v00	unsupported	
suntest	xsd002/xsd002.v01	unsupported	
suntest	xsd003-1.e/xsd003-1.e	unsupported	
suntest	xsd003-2.e/xsd003-2.e	unsupported	
suntest	xsd003a/xsd003a	unsupported	
suntest	xsd003a/xsd003a.v00	unsupported	
suntest	xsd003b.e/xsd003b.e	unsupported	
suntest	xsd003b/xsd003b	unsupported	
suntest	xsd003b/xsd003b.n00	unsupported	
suntest	xsd003b/xsd003b.n01	unsupported	
suntest	xsd003b/xsd003b.v00	unsupported	
suntest	xsd003b/xsd003b.v01	unsupported	
suntest	xsd004/xsd004	unsupported	
suntest	xsd004/xsd004.n00	unsupported	
suntest	xsd004/xsd004.n01	unsupported	
suntest	xsd004/xsd004.n02	unsupported	
suntest	xsd004/xsd004.n03	unsupported	
suntest	xsd004/xsd004.n04	unsupported	
suntest	xsd004/xsd004.n05	unsupported	
suntest	xsd004/xsd004.n06	unsupported	
suntest	xsd004/xsd004.n07	unsupported	
suntest	xsd004/xsd004.n08	unsupported	
suntest	xsd004/xsd004.n09	unsupported	
suntest	xsd004/xsd004.n10	unsupported	
suntest	xsd004/xsd004.n11	unsupported	
suntest	xsd004/xsd004.n12	unsupported	
suntest	xsd004/xsd004.v00	unsupported	
suntest	xsd005/xsd005.n01	fail	
suntest	xsd005/xsd005.n03	fail	
suntest	xsd005/xsd005.n06	fail	
suntest	xsd005/xsd005.v00	fail	unexpected element `d`; this content model allows a, b, c in that order
suntest	xsd006/xsd006	unsupported	
suntest	xsd006/xsd006.n00	unsupported	
suntest	xsd006/xsd006.n01	unsupported	
suntest	xsd006/xsd006.n02	unsupported	
suntest	xsd006/xsd006.n03	unsupported	
suntest	xsd006/xsd006.n04	unsupported	
suntest	xsd006/xsd006.n05	unsupported	
suntest	xsd006/xsd006.n06	unsupported	
suntest	xsd006/xsd006.n07	unsupported	
suntest	xsd006/xsd006.n08	unsupported	
suntest	xsd006/xsd006.n09	unsupported	
suntest	xsd006/xsd006.n10	unsupported	
suntest	xsd006/xsd006.n11	unsupported	
suntest	xsd006/xsd006.v00	unsupported	
suntest	xsd007.e/xsd007.e	fail	
suntest	xsd008/xsd008	unsupported	
suntest	xsd008/xsd008.n00	unsupported	
suntest	xsd008/xsd008.n01	unsupported	
suntest	xsd008/xsd008.n02	unsupported	
suntest	xsd008/xsd008.v00	unsupported	
suntest	xsd009.e/xsd009.e	unsupported	
suntest	xsd010.e/xsd010.e	unsupported	
suntest	xsd011/xsd011	unsupported	
suntest	xsd011/xsd011.n00	unsupported	
suntest	xsd011/xsd011.n01	unsupported	
suntest	xsd011/xsd011.n02	unsupported	
suntest	xsd011/xsd011.n03	unsupported	
suntest	xsd011/xsd011.n04	unsupported	
suntest	xsd011/xsd011.v00	unsupported	
suntest	xsd012/xsd012	unsupported	
suntest	xsd012/xsd012.n00	unsupported	
suntest	xsd012/xsd012.v00	unsupported	
suntest	xsd013.e/xsd013.e	fail	
suntest	xsd014.e/xsd014.e	fail	
suntest	xsd015.e/xsd015.e	fail	
suntest	xsd016.e/xsd016.e	unsupported	
suntest	xsd017.e/xsd017.e	unsupported	
suntest	xsd018.e/xsd018.e	fail	
suntest	xsd019.e/xsd019.e	fail	
suntest	xsd020-2.e/xsd020-2.e	fail	
suntest	xsd020-3.e/xsd020-3.e	fail	
suntest	xsd020-4.e/xsd020-4.e	fail	
suntest	xsd020.e/xsd020.e	fail	
suntest	xsd021/xsd021	unsupported	
suntest	xsd021/xsd021.n00	unsupported	
suntest	xsd021/xsd021.n01	unsupported	
suntest	xsd021/xsd021.n02	unsupported	
suntest	xsd021/xsd021.n03	unsupported	
suntest	xsd021/xsd021.n04	unsupported	
suntest	xsd021/xsd021.n05	unsupported	
suntest	xsd021/xsd021.n06	unsupported	
suntest	xsd021/xsd021.n07	unsupported	
suntest	xsd021/xsd021.n08	unsupported	
suntest	xsd021/xsd021.n09	unsupported	
suntest	xsd021/xsd021.n10	unsupported	
suntest	xsd021/xsd021.n11	unsupported	
suntest	xsd021/xsd021.v00	unsupported	
suntest	xsd022/xsd022	unsupported	
suntest	xsd022/xsd022.n00	unsupported	
suntest	xsd022/xsd022.v00	unsupported	
suntest	xsd023.e/xsd023.e	fail	
